Starting 5-fold cross-validation training for C1 (Mean Pooling)
Configuration:
  clinical_csv: data/annotations/175_clinical_5_variables.csv
  image_root: data/nakagami_full
  patient_id_column: NO
  label_column: CL_F2
  image_pattern: Nakagami_image_*.png
  n_folds: 5
  batch_size: 16
  learning_rate: 1e-05
  num_epochs: 50
  early_stopping_patience: 10
  early_stopping_min_delta: 0.001
  backbone: efficientnetv2_b0
  pretrained: True
  device: cuda
  num_workers: 4
  pooling: mean
  attention_hidden: 128
  clinical_dim: 64
  fusion_hidden: 128
  dropout: 0.5
  clinical_features: ['AST', 'ALT', 'PLT', 'APRI', 'FIB_4']
  seed: 42
  no_cv: False
  val_split: 0.2
  weight_decay: 0.0001
  label_smoothing: 0.1
  log_dir: runs/bmode_clinical
Loading clinical data...
Loaded 175 patients from clinical data
Building patient records...
Building patient records from 175 patients...
Image root: data/nakagami_full
Image pattern: Nakagami_image_*.png
Successfully created 175 patient records
Created 175 patient records

Fold 1 Training Cases (140): ['1', '100', '101', '102', '105', '106', '107', '108', '11', '111', '112', '113', '115', '118', '119', '122', '126', '132', '137', '142', '145', '146', '152', '153', '157', '158', '162', '164', '165', '166', '169', '173', '175', '177', '178', '18', '180', '181', '185', '186', '191', '197', '203', '204', '205', '206', '207', '210', '211', '215', '217', '218', '219', '220', '221', '223', '224', '226', '231', '232', '24', '241', '244', '245', '25', '250', '251', '255', '257', '259', '260', '262', '263', '268', '269', '27', '272', '273', '275', '278', '280', '281', '283', '284', '287', '289', '29', '298', '299', '301', '304', '306', '308', '31', '311', '312', '313', '319', '32', '320', '324', '329', '332', '38', '43', '45', '46', '48', '49', '5', '50', '51', '52', '57', '58', '6', '60', '62', '63', '64', '67', '68', '69', '7', '73', '77', '78', '81', '83', '85', '86', '88', '9', '90', '91', '92', '95', '96', '97', '98']
Fold 1 Validation Cases (35): ['104', '110', '114', '123', '129', '135', '144', '154', '163', '192', '253', '254', '258', '26', '264', '274', '276', '292', '300', '303', '307', '310', '331', '37', '4', '40', '53', '55', '65', '8', '80', '87', '89', '93', '99']
Fold 1 class distribution:
  Train: Class 0=47 (33.6%), Class 1=93 (66.4%)
  Val:   Class 0=11 (31.4%), Class 1=24 (68.6%)

======================================================================
Fold 1/5
======================================================================
Train: 140 patients
Val: 35 patients
Fitting clinical preprocessor on training data...
Built clinical feature dictionaries: train=140, val=35
Clinical input dimension: 5
Backbone feature dimension: 1280
Created mean pooling model with backbone efficientnetv2_b0
Using device: cuda
Class weights: [1.0, 0.5053763389587402]
Weight decay (L2 reg): 0.0001
Label smoothing: 0.1

Epoch 1/50 - Train Loss: 0.7161, Train Acc: 0.6071, Train AUC: 0.3807 - Val Loss: 0.7166, Val Acc (0.5): 0.6857, Val AUC: 0.4242
  Train Best Threshold 0.05 → Balanced Acc: 0.5000, Acc: 0.6643, Sensitivity: 1.0000, Specificity: 0.0000, PPV: 0.6643, NPV: 0.0000, F1: 0.7983
  Val Best Threshold 0.05 → Balanced Acc: 0.5000, Acc: 0.6857, Sensitivity: 1.0000, Specificity: 0.0000, PPV: 0.6857, NPV: 0.0000, F1: 0.8136
  → New best validation AUC: 0.4242
Epoch 2/50 - Train Loss: 0.7146, Train Acc: 0.6143, Train AUC: 0.4358 - Val Loss: 0.7088, Val Acc (0.5): 0.6857, Val AUC: 0.4356
  Train Best Threshold 0.05 → Balanced Acc: 0.5000, Acc: 0.6643, Sensitivity: 1.0000, Specificity: 0.0000, PPV: 0.6643, NPV: 0.0000, F1: 0.7983
  Val Best Threshold 0.05 → Balanced Acc: 0.5000, Acc: 0.6857, Sensitivity: 1.0000, Specificity: 0.0000, PPV: 0.6857, NPV: 0.0000, F1: 0.8136
  → New best validation AUC: 0.4356
Epoch 3/50 - Train Loss: 0.7137, Train Acc: 0.6143, Train AUC: 0.4113 - Val Loss: 0.7060, Val Acc (0.5): 0.6857, Val AUC: 0.4886
  Train Best Threshold 0.05 → Balanced Acc: 0.5000, Acc: 0.6643, Sensitivity: 1.0000, Specificity: 0.0000, PPV: 0.6643, NPV: 0.0000, F1: 0.7983
  Val Best Threshold 0.55 → Balanced Acc: 0.5341, Acc: 0.4286, Sensitivity: 0.2500, Specificity: 0.8182, PPV: 0.7500, NPV: 0.3333, F1: 0.3750
  → New best validation AUC: 0.4886
Epoch 4/50 - Train Loss: 0.7106, Train Acc: 0.6214, Train AUC: 0.4427 - Val Loss: 0.7048, Val Acc (0.5): 0.6857, Val AUC: 0.5530
  Train Best Threshold 0.05 → Balanced Acc: 0.5000, Acc: 0.6643, Sensitivity: 1.0000, Specificity: 0.0000, PPV: 0.6643, NPV: 0.0000, F1: 0.7983
  Val Best Threshold 0.55 → Balanced Acc: 0.5795, Acc: 0.4571, Sensitivity: 0.2500, Specificity: 0.9091, PPV: 0.8571, NPV: 0.3571, F1: 0.3871
  → New best validation AUC: 0.5530
Epoch 5/50 - Train Loss: 0.7060, Train Acc: 0.6357, Train AUC: 0.4775 - Val Loss: 0.7050, Val Acc (0.5): 0.6857, Val AUC: 0.5795
  Train Best Threshold 0.55 → Balanced Acc: 0.5222, Acc: 0.4071, Sensitivity: 0.1720, Specificity: 0.8723, PPV: 0.7273, NPV: 0.3475, F1: 0.2783
  Val Best Threshold 0.55 → Balanced Acc: 0.5795, Acc: 0.4571, Sensitivity: 0.2500, Specificity: 0.9091, PPV: 0.8571, NPV: 0.3571, F1: 0.3871
  → New best validation AUC: 0.5795
Epoch 6/50 - Train Loss: 0.7131, Train Acc: 0.5286, Train AUC: 0.3693 - Val Loss: 0.7035, Val Acc (0.5): 0.6857, Val AUC: 0.6098
  Train Best Threshold 0.45 → Balanced Acc: 0.5053, Acc: 0.6643, Sensitivity: 0.9892, Specificity: 0.0213, PPV: 0.6667, NPV: 0.5000, F1: 0.7965
  Val Best Threshold 0.55 → Balanced Acc: 0.5379, Acc: 0.4000, Sensitivity: 0.1667, Specificity: 0.9091, PPV: 0.8000, NPV: 0.3333, F1: 0.2759
  → New best validation AUC: 0.6098
Epoch 7/50 - Train Loss: 0.6975, Train Acc: 0.6071, Train AUC: 0.6010 - Val Loss: 0.7033, Val Acc (0.5): 0.6857, Val AUC: 0.6250
  Train Best Threshold 0.55 → Balanced Acc: 0.5380, Acc: 0.4071, Sensitivity: 0.1398, Specificity: 0.9362, PPV: 0.8125, NPV: 0.3548, F1: 0.2385
  Val Best Threshold 0.55 → Balanced Acc: 0.5379, Acc: 0.4000, Sensitivity: 0.1667, Specificity: 0.9091, PPV: 0.8000, NPV: 0.3333, F1: 0.2759
  → New best validation AUC: 0.6250
Epoch 8/50 - Train Loss: 0.7036, Train Acc: 0.6000, Train AUC: 0.5299 - Val Loss: 0.7035, Val Acc (0.5): 0.6857, Val AUC: 0.6591
  Train Best Threshold 0.05 → Balanced Acc: 0.5000, Acc: 0.6643, Sensitivity: 1.0000, Specificity: 0.0000, PPV: 0.6643, NPV: 0.0000, F1: 0.7983
  Val Best Threshold 0.55 → Balanced Acc: 0.5587, Acc: 0.4286, Sensitivity: 0.2083, Specificity: 0.9091, PPV: 0.8333, NPV: 0.3448, F1: 0.3333
  → New best validation AUC: 0.6591
Epoch 9/50 - Train Loss: 0.7041, Train Acc: 0.5714, Train AUC: 0.4919 - Val Loss: 0.7037, Val Acc (0.5): 0.6857, Val AUC: 0.6477
  Train Best Threshold 0.55 → Balanced Acc: 0.5002, Acc: 0.3500, Sensitivity: 0.0430, Specificity: 0.9574, PPV: 0.6667, NPV: 0.3358, F1: 0.0808
  Val Best Threshold 0.55 → Balanced Acc: 0.5587, Acc: 0.4286, Sensitivity: 0.2083, Specificity: 0.9091, PPV: 0.8333, NPV: 0.3448, F1: 0.3333
Epoch 10/50 - Train Loss: 0.7034, Train Acc: 0.5929, Train AUC: 0.5109 - Val Loss: 0.7017, Val Acc (0.5): 0.6857, Val AUC: 0.6780
  Train Best Threshold 0.50 → Balanced Acc: 0.5252, Acc: 0.5929, Sensitivity: 0.7312, Specificity: 0.3191, PPV: 0.6800, NPV: 0.3750, F1: 0.7047
  Val Best Threshold 0.55 → Balanced Acc: 0.5379, Acc: 0.4000, Sensitivity: 0.1667, Specificity: 0.9091, PPV: 0.8000, NPV: 0.3333, F1: 0.2759
  → New best validation AUC: 0.6780
Epoch 11/50 - Train Loss: 0.6957, Train Acc: 0.6214, Train AUC: 0.6214 - Val Loss: 0.7003, Val Acc (0.5): 0.6857, Val AUC: 0.6932
  Train Best Threshold 0.55 → Balanced Acc: 0.5700, Acc: 0.4357, Sensitivity: 0.1613, Specificity: 0.9787, PPV: 0.9375, NPV: 0.3710, F1: 0.2752
  Val Best Threshold 0.55 → Balanced Acc: 0.5379, Acc: 0.4000, Sensitivity: 0.1667, Specificity: 0.9091, PPV: 0.8000, NPV: 0.3333, F1: 0.2759
  → New best validation AUC: 0.6932
Epoch 12/50 - Train Loss: 0.6971, Train Acc: 0.6214, Train AUC: 0.5523 - Val Loss: 0.6994, Val Acc (0.5): 0.6857, Val AUC: 0.6932
  Train Best Threshold 0.50 → Balanced Acc: 0.5625, Acc: 0.6214, Sensitivity: 0.7419, Specificity: 0.3830, PPV: 0.7041, NPV: 0.4286, F1: 0.7225
  Val Best Threshold 0.55 → Balanced Acc: 0.5170, Acc: 0.3714, Sensitivity: 0.1250, Specificity: 0.9091, PPV: 0.7500, NPV: 0.3226, F1: 0.2143
Epoch 13/50 - Train Loss: 0.7008, Train Acc: 0.5571, Train AUC: 0.5493 - Val Loss: 0.6987, Val Acc (0.5): 0.6857, Val AUC: 0.7311
  Train Best Threshold 0.50 → Balanced Acc: 0.5141, Acc: 0.5571, Sensitivity: 0.6452, Specificity: 0.3830, PPV: 0.6742, NPV: 0.3529, F1: 0.6593
  Val Best Threshold 0.55 → Balanced Acc: 0.5587, Acc: 0.4286, Sensitivity: 0.2083, Specificity: 0.9091, PPV: 0.8333, NPV: 0.3448, F1: 0.3333
  → New best validation AUC: 0.7311
Epoch 14/50 - Train Loss: 0.6969, Train Acc: 0.5929, Train AUC: 0.6022 - Val Loss: 0.6973, Val Acc (0.5): 0.6857, Val AUC: 0.7538
  Train Best Threshold 0.50 → Balanced Acc: 0.5462, Acc: 0.5929, Sensitivity: 0.6882, Specificity: 0.4043, PPV: 0.6957, NPV: 0.3958, F1: 0.6919
  Val Best Threshold 0.55 → Balanced Acc: 0.5833, Acc: 0.4286, Sensitivity: 0.1667, Specificity: 1.0000, PPV: 1.0000, NPV: 0.3548, F1: 0.2857
  → New best validation AUC: 0.7538
Epoch 15/50 - Train Loss: 0.6873, Train Acc: 0.6714, Train AUC: 0.6811 - Val Loss: 0.6972, Val Acc (0.5): 0.6857, Val AUC: 0.7538
  Train Best Threshold 0.50 → Balanced Acc: 0.6211, Acc: 0.6714, Sensitivity: 0.7742, Specificity: 0.4681, PPV: 0.7423, NPV: 0.5116, F1: 0.7579
  Val Best Threshold 0.55 → Balanced Acc: 0.5833, Acc: 0.4286, Sensitivity: 0.1667, Specificity: 1.0000, PPV: 1.0000, NPV: 0.3548, F1: 0.2857
Epoch 16/50 - Train Loss: 0.6899, Train Acc: 0.6286, Train AUC: 0.6658 - Val Loss: 0.6970, Val Acc (0.5): 0.6857, Val AUC: 0.7500
  Train Best Threshold 0.50 → Balanced Acc: 0.6205, Acc: 0.6286, Sensitivity: 0.6452, Specificity: 0.5957, PPV: 0.7595, NPV: 0.4590, F1: 0.6977
  Val Best Threshold 0.55 → Balanced Acc: 0.5587, Acc: 0.4286, Sensitivity: 0.2083, Specificity: 0.9091, PPV: 0.8333, NPV: 0.3448, F1: 0.3333
Epoch 17/50 - Train Loss: 0.6890, Train Acc: 0.6286, Train AUC: 0.6580 - Val Loss: 0.6959, Val Acc (0.5): 0.6857, Val AUC: 0.7727
  Train Best Threshold 0.50 → Balanced Acc: 0.6257, Acc: 0.6286, Sensitivity: 0.6344, Specificity: 0.6170, PPV: 0.7662, NPV: 0.4603, F1: 0.6941
  Val Best Threshold 0.55 → Balanced Acc: 0.5587, Acc: 0.4286, Sensitivity: 0.2083, Specificity: 0.9091, PPV: 0.8333, NPV: 0.3448, F1: 0.3333
  → New best validation AUC: 0.7727
Epoch 18/50 - Train Loss: 0.6885, Train Acc: 0.6357, Train AUC: 0.6390 - Val Loss: 0.6959, Val Acc (0.5): 0.6857, Val AUC: 0.7652
  Train Best Threshold 0.50 → Balanced Acc: 0.6206, Acc: 0.6357, Sensitivity: 0.6667, Specificity: 0.5745, PPV: 0.7561, NPV: 0.4655, F1: 0.7086
  Val Best Threshold 0.55 → Balanced Acc: 0.5587, Acc: 0.4286, Sensitivity: 0.2083, Specificity: 0.9091, PPV: 0.8333, NPV: 0.3448, F1: 0.3333
Epoch 19/50 - Train Loss: 0.6844, Train Acc: 0.6786, Train AUC: 0.7291 - Val Loss: 0.6949, Val Acc (0.5): 0.7429, Val AUC: 0.7652
  Train Best Threshold 0.50 → Balanced Acc: 0.6581, Acc: 0.6786, Sensitivity: 0.7204, Specificity: 0.5957, PPV: 0.7791, NPV: 0.5185, F1: 0.7486
  Val Best Threshold 0.50 → Balanced Acc: 0.5909, Acc: 0.7429, Sensitivity: 1.0000, Specificity: 0.1818, PPV: 0.7273, NPV: 1.0000, F1: 0.8421
Epoch 20/50 - Train Loss: 0.6861, Train Acc: 0.6214, Train AUC: 0.6550 - Val Loss: 0.6940, Val Acc (0.5): 0.7429, Val AUC: 0.7538
  Train Best Threshold 0.50 → Balanced Acc: 0.6098, Acc: 0.6214, Sensitivity: 0.6452, Specificity: 0.5745, PPV: 0.7500, NPV: 0.4500, F1: 0.6936
  Val Best Threshold 0.55 → Balanced Acc: 0.6042, Acc: 0.4571, Sensitivity: 0.2083, Specificity: 1.0000, PPV: 1.0000, NPV: 0.3667, F1: 0.3448
Epoch 21/50 - Train Loss: 0.6847, Train Acc: 0.5857, Train AUC: 0.6694 - Val Loss: 0.6938, Val Acc (0.5): 0.7429, Val AUC: 0.7879
  Train Best Threshold 0.50 → Balanced Acc: 0.5935, Acc: 0.5857, Sensitivity: 0.5699, Specificity: 0.6170, PPV: 0.7465, NPV: 0.4203, F1: 0.6463
  Val Best Threshold 0.50 → Balanced Acc: 0.5909, Acc: 0.7429, Sensitivity: 1.0000, Specificity: 0.1818, PPV: 0.7273, NPV: 1.0000, F1: 0.8421
  → New best validation AUC: 0.7879
Epoch 22/50 - Train Loss: 0.6819, Train Acc: 0.7143, Train AUC: 0.7149 - Val Loss: 0.6925, Val Acc (0.5): 0.8000, Val AUC: 0.7841
  Train Best Threshold 0.50 → Balanced Acc: 0.7008, Acc: 0.7143, Sensitivity: 0.7419, Specificity: 0.6596, PPV: 0.8118, NPV: 0.5636, F1: 0.7753
  Val Best Threshold 0.50 → Balanced Acc: 0.6818, Acc: 0.8000, Sensitivity: 1.0000, Specificity: 0.3636, PPV: 0.7742, NPV: 1.0000, F1: 0.8727
Epoch 23/50 - Train Loss: 0.6835, Train Acc: 0.6571, Train AUC: 0.6767 - Val Loss: 0.6912, Val Acc (0.5): 0.8000, Val AUC: 0.7879
  Train Best Threshold 0.50 → Balanced Acc: 0.6683, Acc: 0.6571, Sensitivity: 0.6344, Specificity: 0.7021, PPV: 0.8082, NPV: 0.4925, F1: 0.7108
  Val Best Threshold 0.50 → Balanced Acc: 0.6818, Acc: 0.8000, Sensitivity: 1.0000, Specificity: 0.3636, PPV: 0.7742, NPV: 1.0000, F1: 0.8727
Epoch 24/50 - Train Loss: 0.6777, Train Acc: 0.6786, Train AUC: 0.7520 - Val Loss: 0.6908, Val Acc (0.5): 0.7714, Val AUC: 0.7841
  Train Best Threshold 0.50 → Balanced Acc: 0.6897, Acc: 0.6786, Sensitivity: 0.6559, Specificity: 0.7234, PPV: 0.8243, NPV: 0.5152, F1: 0.7305
  Val Best Threshold 0.50 → Balanced Acc: 0.6610, Acc: 0.7714, Sensitivity: 0.9583, Specificity: 0.3636, PPV: 0.7667, NPV: 0.8000, F1: 0.8519
Epoch 25/50 - Train Loss: 0.6919, Train Acc: 0.5786, Train AUC: 0.6408 - Val Loss: 0.6897, Val Acc (0.5): 0.7714, Val AUC: 0.7841
  Train Best Threshold 0.50 → Balanced Acc: 0.6091, Acc: 0.5786, Sensitivity: 0.5161, Specificity: 0.7021, PPV: 0.7742, NPV: 0.4231, F1: 0.6194
  Val Best Threshold 0.50 → Balanced Acc: 0.6856, Acc: 0.7714, Sensitivity: 0.9167, Specificity: 0.4545, PPV: 0.7857, NPV: 0.7143, F1: 0.8462
Epoch 26/50 - Train Loss: 0.6814, Train Acc: 0.6429, Train AUC: 0.7328 - Val Loss: 0.6893, Val Acc (0.5): 0.7714, Val AUC: 0.7841
  Train Best Threshold 0.50 → Balanced Acc: 0.6628, Acc: 0.6429, Sensitivity: 0.6022, Specificity: 0.7234, PPV: 0.8116, NPV: 0.4789, F1: 0.6914
  Val Best Threshold 0.50 → Balanced Acc: 0.7102, Acc: 0.7714, Sensitivity: 0.8750, Specificity: 0.5455, PPV: 0.8077, NPV: 0.6667, F1: 0.8400
Epoch 27/50 - Train Loss: 0.6830, Train Acc: 0.5500, Train AUC: 0.6719 - Val Loss: 0.6902, Val Acc (0.5): 0.7714, Val AUC: 0.7841
  Train Best Threshold 0.45 → Balanced Acc: 0.6062, Acc: 0.7214, Sensitivity: 0.9570, Specificity: 0.2553, PPV: 0.7177, NPV: 0.7500, F1: 0.8203
  Val Best Threshold 0.50 → Balanced Acc: 0.6856, Acc: 0.7714, Sensitivity: 0.9167, Specificity: 0.4545, PPV: 0.7857, NPV: 0.7143, F1: 0.8462
Epoch 28/50 - Train Loss: 0.6733, Train Acc: 0.7143, Train AUC: 0.7808 - Val Loss: 0.6909, Val Acc (0.5): 0.8000, Val AUC: 0.7879
  Train Best Threshold 0.50 → Balanced Acc: 0.7271, Acc: 0.7143, Sensitivity: 0.6882, Specificity: 0.7660, PPV: 0.8533, NPV: 0.5538, F1: 0.7619
  Val Best Threshold 0.50 → Balanced Acc: 0.7064, Acc: 0.8000, Sensitivity: 0.9583, Specificity: 0.4545, PPV: 0.7931, NPV: 0.8333, F1: 0.8679
Epoch 29/50 - Train Loss: 0.6743, Train Acc: 0.6429, Train AUC: 0.7502 - Val Loss: 0.6907, Val Acc (0.5): 0.8286, Val AUC: 0.7955
  Train Best Threshold 0.50 → Balanced Acc: 0.6786, Acc: 0.6429, Sensitivity: 0.5699, Specificity: 0.7872, PPV: 0.8413, NPV: 0.4805, F1: 0.6795
  Val Best Threshold 0.50 → Balanced Acc: 0.7273, Acc: 0.8286, Sensitivity: 1.0000, Specificity: 0.4545, PPV: 0.8000, NPV: 1.0000, F1: 0.8889
  → New best validation AUC: 0.7955
Epoch 30/50 - Train Loss: 0.6746, Train Acc: 0.6357, Train AUC: 0.7380 - Val Loss: 0.6886, Val Acc (0.5): 0.7714, Val AUC: 0.7917
  Train Best Threshold 0.50 → Balanced Acc: 0.6627, Acc: 0.6357, Sensitivity: 0.5806, Specificity: 0.7447, PPV: 0.8182, NPV: 0.4730, F1: 0.6792
  Val Best Threshold 0.50 → Balanced Acc: 0.6856, Acc: 0.7714, Sensitivity: 0.9167, Specificity: 0.4545, PPV: 0.7857, NPV: 0.7143, F1: 0.8462
Epoch 31/50 - Train Loss: 0.6676, Train Acc: 0.6714, Train AUC: 0.7694 - Val Loss: 0.6896, Val Acc (0.5): 0.8000, Val AUC: 0.7879
  Train Best Threshold 0.50 → Balanced Acc: 0.6948, Acc: 0.6714, Sensitivity: 0.6237, Specificity: 0.7660, PPV: 0.8406, NPV: 0.5070, F1: 0.7160
  Val Best Threshold 0.50 → Balanced Acc: 0.7064, Acc: 0.8000, Sensitivity: 0.9583, Specificity: 0.4545, PPV: 0.7931, NPV: 0.8333, F1: 0.8679
Epoch 32/50 - Train Loss: 0.6707, Train Acc: 0.6929, Train AUC: 0.7646 - Val Loss: 0.6866, Val Acc (0.5): 0.7714, Val AUC: 0.7917
  Train Best Threshold 0.50 → Balanced Acc: 0.7267, Acc: 0.6929, Sensitivity: 0.6237, Specificity: 0.8298, PPV: 0.8788, NPV: 0.5270, F1: 0.7296
  Val Best Threshold 0.50 → Balanced Acc: 0.6856, Acc: 0.7714, Sensitivity: 0.9167, Specificity: 0.4545, PPV: 0.7857, NPV: 0.7143, F1: 0.8462
Epoch 33/50 - Train Loss: 0.6696, Train Acc: 0.6714, Train AUC: 0.7591 - Val Loss: 0.6870, Val Acc (0.5): 0.8000, Val AUC: 0.7917
  Train Best Threshold 0.50 → Balanced Acc: 0.6843, Acc: 0.6714, Sensitivity: 0.6452, Specificity: 0.7234, PPV: 0.8219, NPV: 0.5075, F1: 0.7229
  Val Best Threshold 0.50 → Balanced Acc: 0.7064, Acc: 0.8000, Sensitivity: 0.9583, Specificity: 0.4545, PPV: 0.7931, NPV: 0.8333, F1: 0.8679
Epoch 34/50 - Train Loss: 0.6725, Train Acc: 0.6786, Train AUC: 0.7600 - Val Loss: 0.6874, Val Acc (0.5): 0.8286, Val AUC: 0.7955
  Train Best Threshold 0.50 → Balanced Acc: 0.6949, Acc: 0.6786, Sensitivity: 0.6452, Specificity: 0.7447, PPV: 0.8333, NPV: 0.5147, F1: 0.7273
  Val Best Threshold 0.50 → Balanced Acc: 0.7273, Acc: 0.8286, Sensitivity: 1.0000, Specificity: 0.4545, PPV: 0.8000, NPV: 1.0000, F1: 0.8889
Epoch 35/50 - Train Loss: 0.6666, Train Acc: 0.6500, Train AUC: 0.7493 - Val Loss: 0.6867, Val Acc (0.5): 0.8286, Val AUC: 0.7992
  Train Best Threshold 0.50 → Balanced Acc: 0.6787, Acc: 0.6500, Sensitivity: 0.5914, Specificity: 0.7660, PPV: 0.8333, NPV: 0.4865, F1: 0.6918
  Val Best Threshold 0.50 → Balanced Acc: 0.7273, Acc: 0.8286, Sensitivity: 1.0000, Specificity: 0.4545, PPV: 0.8000, NPV: 1.0000, F1: 0.8889
  → New best validation AUC: 0.7992
Epoch 36/50 - Train Loss: 0.6610, Train Acc: 0.6714, Train AUC: 0.7744 - Val Loss: 0.6845, Val Acc (0.5): 0.7714, Val AUC: 0.7955
  Train Best Threshold 0.50 → Balanced Acc: 0.7106, Acc: 0.6714, Sensitivity: 0.5914, Specificity: 0.8298, PPV: 0.8730, NPV: 0.5065, F1: 0.7051
  Val Best Threshold 0.50 → Balanced Acc: 0.6856, Acc: 0.7714, Sensitivity: 0.9167, Specificity: 0.4545, PPV: 0.7857, NPV: 0.7143, F1: 0.8462
Epoch 37/50 - Train Loss: 0.6748, Train Acc: 0.6643, Train AUC: 0.7033 - Val Loss: 0.6858, Val Acc (0.5): 0.7714, Val AUC: 0.7992
  Train Best Threshold 0.50 → Balanced Acc: 0.6789, Acc: 0.6643, Sensitivity: 0.6344, Specificity: 0.7234, PPV: 0.8194, NPV: 0.5000, F1: 0.7152
  Val Best Threshold 0.50 → Balanced Acc: 0.6856, Acc: 0.7714, Sensitivity: 0.9167, Specificity: 0.4545, PPV: 0.7857, NPV: 0.7143, F1: 0.8462
Epoch 38/50 - Train Loss: 0.6637, Train Acc: 0.6857, Train AUC: 0.7673 - Val Loss: 0.6843, Val Acc (0.5): 0.8000, Val AUC: 0.7955
  Train Best Threshold 0.50 → Balanced Acc: 0.7056, Acc: 0.6857, Sensitivity: 0.6452, Specificity: 0.7660, PPV: 0.8451, NPV: 0.5217, F1: 0.7317
  Val Best Threshold 0.50 → Balanced Acc: 0.7311, Acc: 0.8000, Sensitivity: 0.9167, Specificity: 0.5455, PPV: 0.8148, NPV: 0.7500, F1: 0.8627
Epoch 39/50 - Train Loss: 0.6627, Train Acc: 0.6786, Train AUC: 0.7831 - Val Loss: 0.6845, Val Acc (0.5): 0.8000, Val AUC: 0.7955
  Train Best Threshold 0.50 → Balanced Acc: 0.7054, Acc: 0.6786, Sensitivity: 0.6237, Specificity: 0.7872, PPV: 0.8529, NPV: 0.5139, F1: 0.7205
  Val Best Threshold 0.50 → Balanced Acc: 0.7311, Acc: 0.8000, Sensitivity: 0.9167, Specificity: 0.5455, PPV: 0.8148, NPV: 0.7500, F1: 0.8627
Epoch 40/50 - Train Loss: 0.6571, Train Acc: 0.7071, Train AUC: 0.8021 - Val Loss: 0.6847, Val Acc (0.5): 0.7714, Val AUC: 0.7955
  Train Best Threshold 0.50 → Balanced Acc: 0.7217, Acc: 0.7071, Sensitivity: 0.6774, Specificity: 0.7660, PPV: 0.8514, NPV: 0.5455, F1: 0.7545
  Val Best Threshold 0.50 → Balanced Acc: 0.6856, Acc: 0.7714, Sensitivity: 0.9167, Specificity: 0.4545, PPV: 0.7857, NPV: 0.7143, F1: 0.8462
Epoch 41/50 - Train Loss: 0.6548, Train Acc: 0.7143, Train AUC: 0.7907 - Val Loss: 0.6835, Val Acc (0.5): 0.7714, Val AUC: 0.7955
  Train Best Threshold 0.45 → Balanced Acc: 0.7281, Acc: 0.7786, Sensitivity: 0.8817, Specificity: 0.5745, PPV: 0.8039, NPV: 0.7105, F1: 0.8410
  Val Best Threshold 0.50 → Balanced Acc: 0.6856, Acc: 0.7714, Sensitivity: 0.9167, Specificity: 0.4545, PPV: 0.7857, NPV: 0.7143, F1: 0.8462
Epoch 42/50 - Train Loss: 0.6573, Train Acc: 0.6643, Train AUC: 0.7797 - Val Loss: 0.6828, Val Acc (0.5): 0.7714, Val AUC: 0.7992
  Train Best Threshold 0.50 → Balanced Acc: 0.6842, Acc: 0.6643, Sensitivity: 0.6237, Specificity: 0.7447, PPV: 0.8286, NPV: 0.5000, F1: 0.7117
  Val Best Threshold 0.50 → Balanced Acc: 0.6856, Acc: 0.7714, Sensitivity: 0.9167, Specificity: 0.4545, PPV: 0.7857, NPV: 0.7143, F1: 0.8462
Epoch 43/50 - Train Loss: 0.6708, Train Acc: 0.6000, Train AUC: 0.7019 - Val Loss: 0.6817, Val Acc (0.5): 0.7714, Val AUC: 0.7992
  Train Best Threshold 0.45 → Balanced Acc: 0.6325, Acc: 0.7214, Sensitivity: 0.9032, Specificity: 0.3617, PPV: 0.7368, NPV: 0.6538, F1: 0.8116
  Val Best Threshold 0.50 → Balanced Acc: 0.7102, Acc: 0.7714, Sensitivity: 0.8750, Specificity: 0.5455, PPV: 0.8077, NPV: 0.6667, F1: 0.8400
Early stopping at epoch 43
Loaded best model with validation AUC: 0.7992
Final Train Results (Best Model) at epoch 35 - Loss: 0.6680, Accuracy: 0.6143, AUC: 0.7779
Final Val Results (Best Model) at epoch 35 - Loss: 0.6867, Accuracy: 0.8286, AUC: 0.7992
Train Best Threshold: 0.45 | Balanced Acc: 0.6593 | Acc: 0.7571 | Sensitivity: 0.9570 | Specificity: 0.3617 | PPV: 0.7479 | NPV: 0.8095 | F1: 0.8396
Train Confusion Matrix at Best Threshold (rows=actual [0,1], cols=predicted [0,1]):
[[17 30]
 [ 4 89]]
Val Best Threshold: 0.50 | Balanced Acc: 0.7273 | Acc: 0.8286 | Sensitivity: 1.0000 | Specificity: 0.4545 | PPV: 0.8000 | NPV: 1.0000 | F1: 0.8889
Val Confusion Matrix at Best Threshold (rows=actual [0,1], cols=predicted [0,1]):
[[ 5  6]
 [ 0 24]]

Fold 2 Training Cases (140): ['100', '102', '104', '106', '107', '11', '110', '111', '112', '114', '115', '118', '122', '123', '129', '132', '135', '137', '142', '144', '146', '153', '154', '157', '158', '162', '163', '164', '165', '166', '173', '177', '178', '18', '180', '185', '191', '192', '197', '204', '205', '207', '210', '211', '215', '217', '218', '219', '220', '221', '224', '226', '231', '232', '24', '241', '244', '251', '253', '254', '257', '258', '259', '26', '260', '262', '264', '268', '269', '272', '273', '274', '275', '276', '278', '280', '281', '283', '287', '289', '292', '298', '299', '300', '301', '303', '304', '306', '307', '308', '31', '310', '311', '312', '313', '319', '32', '320', '324', '329', '331', '332', '37', '38', '4', '40', '43', '45', '46', '48', '49', '5', '50', '51', '52', '53', '55', '58', '6', '63', '64', '65', '67', '68', '69', '77', '8', '80', '83', '85', '87', '88', '89', '9', '90', '92', '93', '95', '96', '99']
Fold 2 Validation Cases (35): ['1', '101', '105', '108', '113', '119', '126', '145', '152', '169', '175', '181', '186', '203', '206', '223', '245', '25', '250', '255', '263', '27', '284', '29', '57', '60', '62', '7', '73', '78', '81', '86', '91', '97', '98']
Fold 2 class distribution:
  Train: Class 0=47 (33.6%), Class 1=93 (66.4%)
  Val:   Class 0=11 (31.4%), Class 1=24 (68.6%)

======================================================================
Fold 2/5
======================================================================
Train: 140 patients
Val: 35 patients
Fitting clinical preprocessor on training data...
Built clinical feature dictionaries: train=140, val=35
Clinical input dimension: 5
Backbone feature dimension: 1280
Created mean pooling model with backbone efficientnetv2_b0
Using device: cuda
Class weights: [1.0, 0.5053763389587402]
Weight decay (L2 reg): 0.0001
Label smoothing: 0.1

Epoch 1/50 - Train Loss: 0.7172, Train Acc: 0.5643, Train AUC: 0.4024 - Val Loss: 0.7269, Val Acc (0.5): 0.6857, Val AUC: 0.5341
  Train Best Threshold 0.05 → Balanced Acc: 0.5000, Acc: 0.6643, Sensitivity: 1.0000, Specificity: 0.0000, PPV: 0.6643, NPV: 0.0000, F1: 0.7983
  Val Best Threshold 0.05 → Balanced Acc: 0.5000, Acc: 0.6857, Sensitivity: 1.0000, Specificity: 0.0000, PPV: 0.6857, NPV: 0.0000, F1: 0.8136
  → New best validation AUC: 0.5341
Epoch 2/50 - Train Loss: 0.7146, Train Acc: 0.6429, Train AUC: 0.3924 - Val Loss: 0.7242, Val Acc (0.5): 0.6857, Val AUC: 0.4697
  Train Best Threshold 0.50 → Balanced Acc: 0.5049, Acc: 0.6429, Sensitivity: 0.9247, Specificity: 0.0851, PPV: 0.6667, NPV: 0.3636, F1: 0.7748
  Val Best Threshold 0.05 → Balanced Acc: 0.5000, Acc: 0.6857, Sensitivity: 1.0000, Specificity: 0.0000, PPV: 0.6857, NPV: 0.0000, F1: 0.8136
Epoch 3/50 - Train Loss: 0.7169, Train Acc: 0.5786, Train AUC: 0.3930 - Val Loss: 0.7189, Val Acc (0.5): 0.6857, Val AUC: 0.5152
  Train Best Threshold 0.05 → Balanced Acc: 0.5000, Acc: 0.6643, Sensitivity: 1.0000, Specificity: 0.0000, PPV: 0.6643, NPV: 0.0000, F1: 0.7983
  Val Best Threshold 0.55 → Balanced Acc: 0.5511, Acc: 0.4857, Sensitivity: 0.3750, Specificity: 0.7273, PPV: 0.7500, NPV: 0.3478, F1: 0.5000
Epoch 4/50 - Train Loss: 0.7160, Train Acc: 0.5714, Train AUC: 0.3903 - Val Loss: 0.7142, Val Acc (0.5): 0.6857, Val AUC: 0.5455
  Train Best Threshold 0.05 → Balanced Acc: 0.5000, Acc: 0.6643, Sensitivity: 1.0000, Specificity: 0.0000, PPV: 0.6643, NPV: 0.0000, F1: 0.7983
  Val Best Threshold 0.55 → Balanced Acc: 0.5549, Acc: 0.4571, Sensitivity: 0.2917, Specificity: 0.8182, PPV: 0.7778, NPV: 0.3462, F1: 0.4242
  → New best validation AUC: 0.5455
Epoch 5/50 - Train Loss: 0.7137, Train Acc: 0.6000, Train AUC: 0.4189 - Val Loss: 0.7127, Val Acc (0.5): 0.6857, Val AUC: 0.6023
  Train Best Threshold 0.05 → Balanced Acc: 0.5000, Acc: 0.6643, Sensitivity: 1.0000, Specificity: 0.0000, PPV: 0.6643, NPV: 0.0000, F1: 0.7983
  Val Best Threshold 0.55 → Balanced Acc: 0.5587, Acc: 0.4286, Sensitivity: 0.2083, Specificity: 0.9091, PPV: 0.8333, NPV: 0.3448, F1: 0.3333
  → New best validation AUC: 0.6023
Epoch 6/50 - Train Loss: 0.7087, Train Acc: 0.5929, Train AUC: 0.4395 - Val Loss: 0.7104, Val Acc (0.5): 0.6857, Val AUC: 0.6515
  Train Best Threshold 0.45 → Balanced Acc: 0.5106, Acc: 0.6714, Sensitivity: 1.0000, Specificity: 0.0213, PPV: 0.6691, NPV: 1.0000, F1: 0.8017
  Val Best Threshold 0.55 → Balanced Acc: 0.6042, Acc: 0.4571, Sensitivity: 0.2083, Specificity: 1.0000, PPV: 1.0000, NPV: 0.3667, F1: 0.3448
  → New best validation AUC: 0.6515
Epoch 7/50 - Train Loss: 0.7050, Train Acc: 0.6000, Train AUC: 0.4962 - Val Loss: 0.7088, Val Acc (0.5): 0.6857, Val AUC: 0.6439
  Train Best Threshold 0.55 → Balanced Acc: 0.5167, Acc: 0.3929, Sensitivity: 0.1398, Specificity: 0.8936, PPV: 0.7222, NPV: 0.3443, F1: 0.2342
  Val Best Threshold 0.55 → Balanced Acc: 0.5833, Acc: 0.4286, Sensitivity: 0.1667, Specificity: 1.0000, PPV: 1.0000, NPV: 0.3548, F1: 0.2857
Epoch 8/50 - Train Loss: 0.6980, Train Acc: 0.6571, Train AUC: 0.6054 - Val Loss: 0.7083, Val Acc (0.5): 0.6857, Val AUC: 0.6894
  Train Best Threshold 0.50 → Balanced Acc: 0.5472, Acc: 0.6571, Sensitivity: 0.8817, Specificity: 0.2128, PPV: 0.6891, NPV: 0.4762, F1: 0.7736
  Val Best Threshold 0.55 → Balanced Acc: 0.6042, Acc: 0.4571, Sensitivity: 0.2083, Specificity: 1.0000, PPV: 1.0000, NPV: 0.3667, F1: 0.3448
  → New best validation AUC: 0.6894
Epoch 9/50 - Train Loss: 0.7036, Train Acc: 0.5571, Train AUC: 0.4685 - Val Loss: 0.7078, Val Acc (0.5): 0.6857, Val AUC: 0.7045
  Train Best Threshold 0.45 → Balanced Acc: 0.5213, Acc: 0.6786, Sensitivity: 1.0000, Specificity: 0.0426, PPV: 0.6739, NPV: 1.0000, F1: 0.8052
  Val Best Threshold 0.55 → Balanced Acc: 0.5625, Acc: 0.4000, Sensitivity: 0.1250, Specificity: 1.0000, PPV: 1.0000, NPV: 0.3438, F1: 0.2222
  → New best validation AUC: 0.7045
Epoch 10/50 - Train Loss: 0.7034, Train Acc: 0.5286, Train AUC: 0.5122 - Val Loss: 0.7095, Val Acc (0.5): 0.6857, Val AUC: 0.6932
  Train Best Threshold 0.55 → Balanced Acc: 0.5111, Acc: 0.3714, Sensitivity: 0.0860, Specificity: 0.9362, PPV: 0.7273, NPV: 0.3411, F1: 0.1538
  Val Best Threshold 0.55 → Balanced Acc: 0.6042, Acc: 0.4571, Sensitivity: 0.2083, Specificity: 1.0000, PPV: 1.0000, NPV: 0.3667, F1: 0.3448
Epoch 11/50 - Train Loss: 0.6980, Train Acc: 0.6643, Train AUC: 0.5822 - Val Loss: 0.7084, Val Acc (0.5): 0.6857, Val AUC: 0.7083
  Train Best Threshold 0.50 → Balanced Acc: 0.5789, Acc: 0.6643, Sensitivity: 0.8387, Specificity: 0.3191, PPV: 0.7091, NPV: 0.5000, F1: 0.7685
  Val Best Threshold 0.55 → Balanced Acc: 0.6250, Acc: 0.4857, Sensitivity: 0.2500, Specificity: 1.0000, PPV: 1.0000, NPV: 0.3793, F1: 0.4000
  → New best validation AUC: 0.7083
Epoch 12/50 - Train Loss: 0.7008, Train Acc: 0.6143, Train AUC: 0.5626 - Val Loss: 0.7061, Val Acc (0.5): 0.6857, Val AUC: 0.7462
  Train Best Threshold 0.50 → Balanced Acc: 0.5360, Acc: 0.6143, Sensitivity: 0.7742, Specificity: 0.2979, PPV: 0.6857, NPV: 0.4000, F1: 0.7273
  Val Best Threshold 0.55 → Balanced Acc: 0.6250, Acc: 0.4857, Sensitivity: 0.2500, Specificity: 1.0000, PPV: 1.0000, NPV: 0.3793, F1: 0.4000
  → New best validation AUC: 0.7462
Epoch 13/50 - Train Loss: 0.7002, Train Acc: 0.5643, Train AUC: 0.5573 - Val Loss: 0.7059, Val Acc (0.5): 0.6857, Val AUC: 0.7879
  Train Best Threshold 0.50 → Balanced Acc: 0.5247, Acc: 0.5643, Sensitivity: 0.6452, Specificity: 0.4043, PPV: 0.6818, NPV: 0.3654, F1: 0.6630
  Val Best Threshold 0.55 → Balanced Acc: 0.6250, Acc: 0.4857, Sensitivity: 0.2500, Specificity: 1.0000, PPV: 1.0000, NPV: 0.3793, F1: 0.4000
  → New best validation AUC: 0.7879
Epoch 14/50 - Train Loss: 0.6996, Train Acc: 0.5857, Train AUC: 0.5699 - Val Loss: 0.7043, Val Acc (0.5): 0.6857, Val AUC: 0.7879
  Train Best Threshold 0.55 → Balanced Acc: 0.5111, Acc: 0.3714, Sensitivity: 0.0860, Specificity: 0.9362, PPV: 0.7273, NPV: 0.3411, F1: 0.1538
  Val Best Threshold 0.55 → Balanced Acc: 0.6250, Acc: 0.4857, Sensitivity: 0.2500, Specificity: 1.0000, PPV: 1.0000, NPV: 0.3793, F1: 0.4000
Epoch 15/50 - Train Loss: 0.6925, Train Acc: 0.6429, Train AUC: 0.6310 - Val Loss: 0.7039, Val Acc (0.5): 0.6857, Val AUC: 0.7689
  Train Best Threshold 0.50 → Balanced Acc: 0.5996, Acc: 0.6429, Sensitivity: 0.7312, Specificity: 0.4681, PPV: 0.7312, NPV: 0.4681, F1: 0.7312
  Val Best Threshold 0.55 → Balanced Acc: 0.6250, Acc: 0.4857, Sensitivity: 0.2500, Specificity: 1.0000, PPV: 1.0000, NPV: 0.3793, F1: 0.4000
Epoch 16/50 - Train Loss: 0.6893, Train Acc: 0.6286, Train AUC: 0.6678 - Val Loss: 0.7033, Val Acc (0.5): 0.6857, Val AUC: 0.7765
  Train Best Threshold 0.50 → Balanced Acc: 0.5836, Acc: 0.6286, Sensitivity: 0.7204, Specificity: 0.4468, PPV: 0.7204, NPV: 0.4468, F1: 0.7204
  Val Best Threshold 0.55 → Balanced Acc: 0.6250, Acc: 0.4857, Sensitivity: 0.2500, Specificity: 1.0000, PPV: 1.0000, NPV: 0.3793, F1: 0.4000
Epoch 17/50 - Train Loss: 0.6900, Train Acc: 0.5857, Train AUC: 0.6303 - Val Loss: 0.7040, Val Acc (0.5): 0.6857, Val AUC: 0.7803
  Train Best Threshold 0.50 → Balanced Acc: 0.5619, Acc: 0.5857, Sensitivity: 0.6344, Specificity: 0.4894, PPV: 0.7108, NPV: 0.4035, F1: 0.6705
  Val Best Threshold 0.55 → Balanced Acc: 0.6250, Acc: 0.4857, Sensitivity: 0.2500, Specificity: 1.0000, PPV: 1.0000, NPV: 0.3793, F1: 0.4000
Epoch 18/50 - Train Loss: 0.6887, Train Acc: 0.6500, Train AUC: 0.6568 - Val Loss: 0.7032, Val Acc (0.5): 0.6857, Val AUC: 0.7803
  Train Best Threshold 0.50 → Balanced Acc: 0.6261, Acc: 0.6500, Sensitivity: 0.6989, Specificity: 0.5532, PPV: 0.7558, NPV: 0.4815, F1: 0.7263
  Val Best Threshold 0.55 → Balanced Acc: 0.6458, Acc: 0.5143, Sensitivity: 0.2917, Specificity: 1.0000, PPV: 1.0000, NPV: 0.3929, F1: 0.4516
Epoch 19/50 - Train Loss: 0.6960, Train Acc: 0.6214, Train AUC: 0.5884 - Val Loss: 0.7024, Val Acc (0.5): 0.6857, Val AUC: 0.7803
  Train Best Threshold 0.50 → Balanced Acc: 0.5782, Acc: 0.6214, Sensitivity: 0.7097, Specificity: 0.4468, PPV: 0.7174, NPV: 0.4375, F1: 0.7135
  Val Best Threshold 0.55 → Balanced Acc: 0.6458, Acc: 0.5143, Sensitivity: 0.2917, Specificity: 1.0000, PPV: 1.0000, NPV: 0.3929, F1: 0.4516
Epoch 20/50 - Train Loss: 0.6824, Train Acc: 0.6714, Train AUC: 0.7200 - Val Loss: 0.7018, Val Acc (0.5): 0.7143, Val AUC: 0.7879
  Train Best Threshold 0.50 → Balanced Acc: 0.6632, Acc: 0.6714, Sensitivity: 0.6882, Specificity: 0.6383, PPV: 0.7901, NPV: 0.5085, F1: 0.7356
  Val Best Threshold 0.55 → Balanced Acc: 0.6458, Acc: 0.5143, Sensitivity: 0.2917, Specificity: 1.0000, PPV: 1.0000, NPV: 0.3929, F1: 0.4516
Epoch 21/50 - Train Loss: 0.6755, Train Acc: 0.7357, Train AUC: 0.7998 - Val Loss: 0.6998, Val Acc (0.5): 0.6857, Val AUC: 0.7879
  Train Best Threshold 0.50 → Balanced Acc: 0.7379, Acc: 0.7357, Sensitivity: 0.7312, Specificity: 0.7447, PPV: 0.8500, NPV: 0.5833, F1: 0.7861
  Val Best Threshold 0.55 → Balanced Acc: 0.6458, Acc: 0.5143, Sensitivity: 0.2917, Specificity: 1.0000, PPV: 1.0000, NPV: 0.3929, F1: 0.4516
Early stopping at epoch 21
Loaded best model with validation AUC: 0.7879
Final Train Results (Best Model) at epoch 13 - Loss: 0.6910, Accuracy: 0.6929, AUC: 0.7145
Final Val Results (Best Model) at epoch 13 - Loss: 0.7059, Accuracy: 0.6857, AUC: 0.7879
Train Best Threshold: 0.50 | Balanced Acc: 0.6215 | Acc: 0.6929 | Sensitivity: 0.8387 | Specificity: 0.4043 | PPV: 0.7358 | NPV: 0.5588 | F1: 0.7839
Train Confusion Matrix at Best Threshold (rows=actual [0,1], cols=predicted [0,1]):
[[19 28]
 [15 78]]
Val Best Threshold: 0.55 | Balanced Acc: 0.6250 | Acc: 0.4857 | Sensitivity: 0.2500 | Specificity: 1.0000 | PPV: 1.0000 | NPV: 0.3793 | F1: 0.4000
Val Confusion Matrix at Best Threshold (rows=actual [0,1], cols=predicted [0,1]):
[[11  0]
 [18  6]]

Fold 3 Training Cases (140): ['1', '101', '104', '105', '107', '108', '11', '110', '111', '112', '113', '114', '115', '119', '122', '123', '126', '129', '132', '135', '144', '145', '146', '152', '153', '154', '157', '158', '162', '163', '166', '169', '175', '177', '18', '180', '181', '185', '186', '191', '192', '203', '206', '207', '210', '211', '215', '217', '218', '220', '223', '224', '231', '232', '24', '244', '245', '25', '250', '251', '253', '254', '255', '257', '258', '259', '26', '263', '264', '268', '269', '27', '272', '274', '276', '278', '280', '283', '284', '287', '289', '29', '292', '298', '299', '300', '301', '303', '306', '307', '308', '31', '310', '312', '313', '319', '32', '320', '329', '331', '37', '38', '4', '40', '43', '46', '48', '49', '5', '51', '52', '53', '55', '57', '60', '62', '65', '67', '69', '7', '73', '77', '78', '8', '80', '81', '83', '86', '87', '88', '89', '9', '90', '91', '92', '93', '95', '97', '98', '99']
Fold 3 Validation Cases (35): ['100', '102', '106', '118', '137', '142', '164', '165', '173', '178', '197', '204', '205', '219', '221', '226', '241', '260', '262', '273', '275', '281', '304', '311', '324', '332', '45', '50', '58', '6', '63', '64', '68', '85', '96']
Fold 3 class distribution:
  Train: Class 0=46 (32.9%), Class 1=94 (67.1%)
  Val:   Class 0=12 (34.3%), Class 1=23 (65.7%)

======================================================================
Fold 3/5
======================================================================
Train: 140 patients
Val: 35 patients
Fitting clinical preprocessor on training data...
Built clinical feature dictionaries: train=140, val=35
Clinical input dimension: 5
Backbone feature dimension: 1280
Created mean pooling model with backbone efficientnetv2_b0
Using device: cuda
Class weights: [1.0, 0.4893617033958435]
Weight decay (L2 reg): 0.0001
Label smoothing: 0.1

Epoch 1/50 - Train Loss: 0.7138, Train Acc: 0.6429, Train AUC: 0.4292 - Val Loss: 0.7382, Val Acc (0.5): 0.6571, Val AUC: 0.4348
  Train Best Threshold 0.05 → Balanced Acc: 0.5000, Acc: 0.6714, Sensitivity: 1.0000, Specificity: 0.0000, PPV: 0.6714, NPV: 0.0000, F1: 0.8034
  Val Best Threshold 0.05 → Balanced Acc: 0.5000, Acc: 0.6571, Sensitivity: 1.0000, Specificity: 0.0000, PPV: 0.6571, NPV: 0.0000, F1: 0.7931
  → New best validation AUC: 0.4348
Epoch 2/50 - Train Loss: 0.7107, Train Acc: 0.6214, Train AUC: 0.4507 - Val Loss: 0.7369, Val Acc (0.5): 0.6571, Val AUC: 0.2899
  Train Best Threshold 0.05 → Balanced Acc: 0.5000, Acc: 0.6714, Sensitivity: 1.0000, Specificity: 0.0000, PPV: 0.6714, NPV: 0.0000, F1: 0.8034
  Val Best Threshold 0.05 → Balanced Acc: 0.5000, Acc: 0.6571, Sensitivity: 1.0000, Specificity: 0.0000, PPV: 0.6571, NPV: 0.0000, F1: 0.7931
Epoch 3/50 - Train Loss: 0.7139, Train Acc: 0.6143, Train AUC: 0.4024 - Val Loss: 0.7341, Val Acc (0.5): 0.6571, Val AUC: 0.2717
  Train Best Threshold 0.05 → Balanced Acc: 0.5000, Acc: 0.6714, Sensitivity: 1.0000, Specificity: 0.0000, PPV: 0.6714, NPV: 0.0000, F1: 0.8034
  Val Best Threshold 0.05 → Balanced Acc: 0.5000, Acc: 0.6571, Sensitivity: 1.0000, Specificity: 0.0000, PPV: 0.6571, NPV: 0.0000, F1: 0.7931
Epoch 4/50 - Train Loss: 0.7029, Train Acc: 0.6857, Train AUC: 0.5525 - Val Loss: 0.7297, Val Acc (0.5): 0.6571, Val AUC: 0.2971
  Train Best Threshold 0.50 → Balanced Acc: 0.5661, Acc: 0.6857, Sensitivity: 0.9149, Specificity: 0.2174, PPV: 0.7049, NPV: 0.5556, F1: 0.7963
  Val Best Threshold 0.05 → Balanced Acc: 0.5000, Acc: 0.6571, Sensitivity: 1.0000, Specificity: 0.0000, PPV: 0.6571, NPV: 0.0000, F1: 0.7931
Epoch 5/50 - Train Loss: 0.7027, Train Acc: 0.6214, Train AUC: 0.5523 - Val Loss: 0.7270, Val Acc (0.5): 0.6571, Val AUC: 0.3333
  Train Best Threshold 0.55 → Balanced Acc: 0.5303, Acc: 0.4214, Sensitivity: 0.2128, Specificity: 0.8478, PPV: 0.7407, NPV: 0.3451, F1: 0.3306
  Val Best Threshold 0.05 → Balanced Acc: 0.5000, Acc: 0.6571, Sensitivity: 1.0000, Specificity: 0.0000, PPV: 0.6571, NPV: 0.0000, F1: 0.7931
Epoch 6/50 - Train Loss: 0.7041, Train Acc: 0.6071, Train AUC: 0.5171 - Val Loss: 0.7261, Val Acc (0.5): 0.6571, Val AUC: 0.3623
  Train Best Threshold 0.55 → Balanced Acc: 0.5148, Acc: 0.3857, Sensitivity: 0.1383, Specificity: 0.8913, PPV: 0.7222, NPV: 0.3361, F1: 0.2321
  Val Best Threshold 0.05 → Balanced Acc: 0.5000, Acc: 0.6571, Sensitivity: 1.0000, Specificity: 0.0000, PPV: 0.6571, NPV: 0.0000, F1: 0.7931
Epoch 7/50 - Train Loss: 0.7075, Train Acc: 0.6357, Train AUC: 0.4868 - Val Loss: 0.7244, Val Acc (0.5): 0.6571, Val AUC: 0.3696
  Train Best Threshold 0.50 → Balanced Acc: 0.5345, Acc: 0.6357, Sensitivity: 0.8298, Specificity: 0.2391, PPV: 0.6903, NPV: 0.4074, F1: 0.7536
  Val Best Threshold 0.55 → Balanced Acc: 0.5054, Acc: 0.4286, Sensitivity: 0.2609, Specificity: 0.7500, PPV: 0.6667, NPV: 0.3462, F1: 0.3750
Epoch 8/50 - Train Loss: 0.7041, Train Acc: 0.6286, Train AUC: 0.5222 - Val Loss: 0.7225, Val Acc (0.5): 0.6571, Val AUC: 0.4022
  Train Best Threshold 0.50 → Balanced Acc: 0.5180, Acc: 0.6286, Sensitivity: 0.8404, Specificity: 0.1957, PPV: 0.6810, NPV: 0.3750, F1: 0.7524
  Val Best Threshold 0.55 → Balanced Acc: 0.5254, Acc: 0.4286, Sensitivity: 0.2174, Specificity: 0.8333, PPV: 0.7143, NPV: 0.3571, F1: 0.3333
Epoch 9/50 - Train Loss: 0.7014, Train Acc: 0.5643, Train AUC: 0.5689 - Val Loss: 0.7204, Val Acc (0.5): 0.6571, Val AUC: 0.4674
  Train Best Threshold 0.55 → Balanced Acc: 0.5315, Acc: 0.3857, Sensitivity: 0.1064, Specificity: 0.9565, PPV: 0.8333, NPV: 0.3438, F1: 0.1887
  Val Best Threshold 0.55 → Balanced Acc: 0.5036, Acc: 0.4000, Sensitivity: 0.1739, Specificity: 0.8333, PPV: 0.6667, NPV: 0.3448, F1: 0.2759
  → New best validation AUC: 0.4674
Epoch 10/50 - Train Loss: 0.7086, Train Acc: 0.5857, Train AUC: 0.4466 - Val Loss: 0.7195, Val Acc (0.5): 0.6571, Val AUC: 0.4855
  Train Best Threshold 0.05 → Balanced Acc: 0.5000, Acc: 0.6714, Sensitivity: 1.0000, Specificity: 0.0000, PPV: 0.6714, NPV: 0.0000, F1: 0.8034
  Val Best Threshold 0.55 → Balanced Acc: 0.5254, Acc: 0.4286, Sensitivity: 0.2174, Specificity: 0.8333, PPV: 0.7143, NPV: 0.3571, F1: 0.3333
  → New best validation AUC: 0.4855
Epoch 11/50 - Train Loss: 0.6947, Train Acc: 0.6143, Train AUC: 0.6179 - Val Loss: 0.7178, Val Acc (0.5): 0.6571, Val AUC: 0.5145
  Train Best Threshold 0.55 → Balanced Acc: 0.5523, Acc: 0.4286, Sensitivity: 0.1915, Specificity: 0.9130, PPV: 0.8182, NPV: 0.3559, F1: 0.3103
  Val Best Threshold 0.55 → Balanced Acc: 0.5036, Acc: 0.4000, Sensitivity: 0.1739, Specificity: 0.8333, PPV: 0.6667, NPV: 0.3448, F1: 0.2759
  → New best validation AUC: 0.5145
Epoch 12/50 - Train Loss: 0.7047, Train Acc: 0.6071, Train AUC: 0.5192 - Val Loss: 0.7155, Val Acc (0.5): 0.6571, Val AUC: 0.5543
  Train Best Threshold 0.50 → Balanced Acc: 0.5298, Acc: 0.6071, Sensitivity: 0.7553, Specificity: 0.3043, PPV: 0.6893, NPV: 0.3784, F1: 0.7208
  Val Best Threshold 0.05 → Balanced Acc: 0.5000, Acc: 0.6571, Sensitivity: 1.0000, Specificity: 0.0000, PPV: 0.6571, NPV: 0.0000, F1: 0.7931
  → New best validation AUC: 0.5543
Epoch 13/50 - Train Loss: 0.7016, Train Acc: 0.5929, Train AUC: 0.5428 - Val Loss: 0.7138, Val Acc (0.5): 0.6571, Val AUC: 0.5870
  Train Best Threshold 0.50 → Balanced Acc: 0.5469, Acc: 0.5929, Sensitivity: 0.6809, Specificity: 0.4130, PPV: 0.7033, NPV: 0.3878, F1: 0.6919
  Val Best Threshold 0.55 → Balanced Acc: 0.5236, Acc: 0.4000, Sensitivity: 0.1304, Specificity: 0.9167, PPV: 0.7500, NPV: 0.3548, F1: 0.2222
  → New best validation AUC: 0.5870
Epoch 14/50 - Train Loss: 0.7026, Train Acc: 0.5643, Train AUC: 0.5206 - Val Loss: 0.7118, Val Acc (0.5): 0.6571, Val AUC: 0.5870
  Train Best Threshold 0.45 → Balanced Acc: 0.5109, Acc: 0.6786, Sensitivity: 1.0000, Specificity: 0.0217, PPV: 0.6763, NPV: 1.0000, F1: 0.8069
  Val Best Threshold 0.55 → Balanced Acc: 0.5236, Acc: 0.4000, Sensitivity: 0.1304, Specificity: 0.9167, PPV: 0.7500, NPV: 0.3548, F1: 0.2222
Epoch 15/50 - Train Loss: 0.6950, Train Acc: 0.5857, Train AUC: 0.6064 - Val Loss: 0.7103, Val Acc (0.5): 0.6571, Val AUC: 0.6123
  Train Best Threshold 0.55 → Balanced Acc: 0.5312, Acc: 0.3929, Sensitivity: 0.1277, Specificity: 0.9348, PPV: 0.8000, NPV: 0.3440, F1: 0.2202
  Val Best Threshold 0.55 → Balanced Acc: 0.5236, Acc: 0.4000, Sensitivity: 0.1304, Specificity: 0.9167, PPV: 0.7500, NPV: 0.3548, F1: 0.2222
  → New best validation AUC: 0.6123
Epoch 16/50 - Train Loss: 0.6937, Train Acc: 0.6000, Train AUC: 0.6191 - Val Loss: 0.7084, Val Acc (0.5): 0.6571, Val AUC: 0.6123
  Train Best Threshold 0.50 → Balanced Acc: 0.5634, Acc: 0.6000, Sensitivity: 0.6702, Specificity: 0.4565, PPV: 0.7159, NPV: 0.4038, F1: 0.6923
  Val Best Threshold 0.55 → Balanced Acc: 0.5236, Acc: 0.4000, Sensitivity: 0.1304, Specificity: 0.9167, PPV: 0.7500, NPV: 0.3548, F1: 0.2222
Epoch 17/50 - Train Loss: 0.6931, Train Acc: 0.6071, Train AUC: 0.6510 - Val Loss: 0.7067, Val Acc (0.5): 0.6571, Val AUC: 0.6449
  Train Best Threshold 0.50 → Balanced Acc: 0.5798, Acc: 0.6071, Sensitivity: 0.6596, Specificity: 0.5000, PPV: 0.7294, NPV: 0.4182, F1: 0.6927
  Val Best Threshold 0.55 → Balanced Acc: 0.5652, Acc: 0.4286, Sensitivity: 0.1304, Specificity: 1.0000, PPV: 1.0000, NPV: 0.3750, F1: 0.2308
  → New best validation AUC: 0.6449
Epoch 18/50 - Train Loss: 0.6936, Train Acc: 0.6214, Train AUC: 0.6304 - Val Loss: 0.7058, Val Acc (0.5): 0.6571, Val AUC: 0.6558
  Train Best Threshold 0.50 → Balanced Acc: 0.5849, Acc: 0.6214, Sensitivity: 0.6915, Specificity: 0.4783, PPV: 0.7303, NPV: 0.4314, F1: 0.7104
  Val Best Threshold 0.55 → Balanced Acc: 0.5652, Acc: 0.4286, Sensitivity: 0.1304, Specificity: 1.0000, PPV: 1.0000, NPV: 0.3750, F1: 0.2308
  → New best validation AUC: 0.6558
Epoch 19/50 - Train Loss: 0.6921, Train Acc: 0.6714, Train AUC: 0.6351 - Val Loss: 0.7061, Val Acc (0.5): 0.6571, Val AUC: 0.6739
  Train Best Threshold 0.50 → Balanced Acc: 0.6277, Acc: 0.6714, Sensitivity: 0.7553, Specificity: 0.5000, PPV: 0.7553, NPV: 0.5000, F1: 0.7553
  Val Best Threshold 0.55 → Balanced Acc: 0.5236, Acc: 0.4000, Sensitivity: 0.1304, Specificity: 0.9167, PPV: 0.7500, NPV: 0.3548, F1: 0.2222
  → New best validation AUC: 0.6739
Epoch 20/50 - Train Loss: 0.6917, Train Acc: 0.6786, Train AUC: 0.6700 - Val Loss: 0.7054, Val Acc (0.5): 0.6571, Val AUC: 0.6812
  Train Best Threshold 0.50 → Balanced Acc: 0.6607, Acc: 0.6786, Sensitivity: 0.7128, Specificity: 0.6087, PPV: 0.7882, NPV: 0.5091, F1: 0.7486
  Val Best Threshold 0.55 → Balanced Acc: 0.5453, Acc: 0.4286, Sensitivity: 0.1739, Specificity: 0.9167, PPV: 0.8000, NPV: 0.3667, F1: 0.2857
  → New best validation AUC: 0.6812
Epoch 21/50 - Train Loss: 0.6890, Train Acc: 0.6143, Train AUC: 0.6526 - Val Loss: 0.7043, Val Acc (0.5): 0.6571, Val AUC: 0.7029
  Train Best Threshold 0.50 → Balanced Acc: 0.6184, Acc: 0.6143, Sensitivity: 0.6064, Specificity: 0.6304, PPV: 0.7703, NPV: 0.4394, F1: 0.6786
  Val Best Threshold 0.55 → Balanced Acc: 0.5236, Acc: 0.4000, Sensitivity: 0.1304, Specificity: 0.9167, PPV: 0.7500, NPV: 0.3548, F1: 0.2222
  → New best validation AUC: 0.7029
Epoch 22/50 - Train Loss: 0.6885, Train Acc: 0.6714, Train AUC: 0.6966 - Val Loss: 0.7019, Val Acc (0.5): 0.6571, Val AUC: 0.7174
  Train Best Threshold 0.50 → Balanced Acc: 0.6443, Acc: 0.6714, Sensitivity: 0.7234, Specificity: 0.5652, PPV: 0.7727, NPV: 0.5000, F1: 0.7473
  Val Best Threshold 0.55 → Balanced Acc: 0.5652, Acc: 0.4286, Sensitivity: 0.1304, Specificity: 1.0000, PPV: 1.0000, NPV: 0.3750, F1: 0.2308
  → New best validation AUC: 0.7174
Epoch 23/50 - Train Loss: 0.6833, Train Acc: 0.6357, Train AUC: 0.7271 - Val Loss: 0.7011, Val Acc (0.5): 0.6571, Val AUC: 0.7138
  Train Best Threshold 0.50 → Balanced Acc: 0.6288, Acc: 0.6357, Sensitivity: 0.6489, Specificity: 0.6087, PPV: 0.7722, NPV: 0.4590, F1: 0.7052
  Val Best Threshold 0.55 → Balanced Acc: 0.5652, Acc: 0.4286, Sensitivity: 0.1304, Specificity: 1.0000, PPV: 1.0000, NPV: 0.3750, F1: 0.2308
Epoch 24/50 - Train Loss: 0.6847, Train Acc: 0.6429, Train AUC: 0.7146 - Val Loss: 0.6985, Val Acc (0.5): 0.6857, Val AUC: 0.7210
  Train Best Threshold 0.50 → Balanced Acc: 0.6397, Acc: 0.6429, Sensitivity: 0.6489, Specificity: 0.6304, PPV: 0.7821, NPV: 0.4677, F1: 0.7093
  Val Best Threshold 0.55 → Balanced Acc: 0.5652, Acc: 0.4286, Sensitivity: 0.1304, Specificity: 1.0000, PPV: 1.0000, NPV: 0.3750, F1: 0.2308
  → New best validation AUC: 0.7210
Epoch 25/50 - Train Loss: 0.6804, Train Acc: 0.6857, Train AUC: 0.7528 - Val Loss: 0.6968, Val Acc (0.5): 0.6857, Val AUC: 0.7536
  Train Best Threshold 0.50 → Balanced Acc: 0.7049, Acc: 0.6857, Sensitivity: 0.6489, Specificity: 0.7609, PPV: 0.8472, NPV: 0.5147, F1: 0.7349
  Val Best Threshold 0.55 → Balanced Acc: 0.5652, Acc: 0.4286, Sensitivity: 0.1304, Specificity: 1.0000, PPV: 1.0000, NPV: 0.3750, F1: 0.2308
  → New best validation AUC: 0.7536
Epoch 26/50 - Train Loss: 0.6918, Train Acc: 0.5929, Train AUC: 0.6263 - Val Loss: 0.6953, Val Acc (0.5): 0.7143, Val AUC: 0.7717
  Train Best Threshold 0.50 → Balanced Acc: 0.5914, Acc: 0.5929, Sensitivity: 0.5957, Specificity: 0.5870, PPV: 0.7467, NPV: 0.4154, F1: 0.6627
  Val Best Threshold 0.50 → Balanced Acc: 0.5833, Acc: 0.7143, Sensitivity: 1.0000, Specificity: 0.1667, PPV: 0.6970, NPV: 1.0000, F1: 0.8214
  → New best validation AUC: 0.7717
Epoch 27/50 - Train Loss: 0.6829, Train Acc: 0.6286, Train AUC: 0.7102 - Val Loss: 0.6951, Val Acc (0.5): 0.7143, Val AUC: 0.7609
  Train Best Threshold 0.50 → Balanced Acc: 0.6401, Acc: 0.6286, Sensitivity: 0.6064, Specificity: 0.6739, PPV: 0.7917, NPV: 0.4559, F1: 0.6867
  Val Best Threshold 0.55 → Balanced Acc: 0.6087, Acc: 0.4857, Sensitivity: 0.2174, Specificity: 1.0000, PPV: 1.0000, NPV: 0.4000, F1: 0.3571
Epoch 28/50 - Train Loss: 0.6814, Train Acc: 0.6286, Train AUC: 0.7151 - Val Loss: 0.6934, Val Acc (0.5): 0.7143, Val AUC: 0.7862
  Train Best Threshold 0.50 → Balanced Acc: 0.6512, Acc: 0.6286, Sensitivity: 0.5851, Specificity: 0.7174, PPV: 0.8088, NPV: 0.4583, F1: 0.6790
  Val Best Threshold 0.55 → Balanced Acc: 0.6087, Acc: 0.4857, Sensitivity: 0.2174, Specificity: 1.0000, PPV: 1.0000, NPV: 0.4000, F1: 0.3571
  → New best validation AUC: 0.7862
Epoch 29/50 - Train Loss: 0.6755, Train Acc: 0.6857, Train AUC: 0.7907 - Val Loss: 0.6914, Val Acc (0.5): 0.7714, Val AUC: 0.7899
  Train Best Threshold 0.50 → Balanced Acc: 0.7271, Acc: 0.6857, Sensitivity: 0.6064, Specificity: 0.8478, PPV: 0.8906, NPV: 0.5132, F1: 0.7215
  Val Best Threshold 0.50 → Balanced Acc: 0.6667, Acc: 0.7714, Sensitivity: 1.0000, Specificity: 0.3333, PPV: 0.7419, NPV: 1.0000, F1: 0.8519
  → New best validation AUC: 0.7899
Epoch 30/50 - Train Loss: 0.6884, Train Acc: 0.5857, Train AUC: 0.6503 - Val Loss: 0.6918, Val Acc (0.5): 0.7429, Val AUC: 0.7971
  Train Best Threshold 0.50 → Balanced Acc: 0.5971, Acc: 0.5857, Sensitivity: 0.5638, Specificity: 0.6304, PPV: 0.7571, NPV: 0.4143, F1: 0.6463
  Val Best Threshold 0.50 → Balanced Acc: 0.6250, Acc: 0.7429, Sensitivity: 1.0000, Specificity: 0.2500, PPV: 0.7188, NPV: 1.0000, F1: 0.8364
  → New best validation AUC: 0.7971
Epoch 31/50 - Train Loss: 0.6810, Train Acc: 0.6286, Train AUC: 0.7162 - Val Loss: 0.6916, Val Acc (0.5): 0.7429, Val AUC: 0.8007
  Train Best Threshold 0.50 → Balanced Acc: 0.6457, Acc: 0.6286, Sensitivity: 0.5957, Specificity: 0.6957, PPV: 0.8000, NPV: 0.4571, F1: 0.6829
  Val Best Threshold 0.55 → Balanced Acc: 0.6304, Acc: 0.5143, Sensitivity: 0.2609, Specificity: 1.0000, PPV: 1.0000, NPV: 0.4138, F1: 0.4138
  → New best validation AUC: 0.8007
Epoch 32/50 - Train Loss: 0.6819, Train Acc: 0.6286, Train AUC: 0.7088 - Val Loss: 0.6920, Val Acc (0.5): 0.7143, Val AUC: 0.8116
  Train Best Threshold 0.50 → Balanced Acc: 0.6568, Acc: 0.6286, Sensitivity: 0.5745, Specificity: 0.7391, PPV: 0.8182, NPV: 0.4595, F1: 0.6750
  Val Best Threshold 0.55 → Balanced Acc: 0.6522, Acc: 0.5429, Sensitivity: 0.3043, Specificity: 1.0000, PPV: 1.0000, NPV: 0.4286, F1: 0.4667
  → New best validation AUC: 0.8116
Epoch 33/50 - Train Loss: 0.6736, Train Acc: 0.6643, Train AUC: 0.7438 - Val Loss: 0.6905, Val Acc (0.5): 0.7429, Val AUC: 0.8152
  Train Best Threshold 0.50 → Balanced Acc: 0.6778, Acc: 0.6643, Sensitivity: 0.6383, Specificity: 0.7174, PPV: 0.8219, NPV: 0.4925, F1: 0.7186
  Val Best Threshold 0.55 → Balanced Acc: 0.6540, Acc: 0.5714, Sensitivity: 0.3913, Specificity: 0.9167, PPV: 0.9000, NPV: 0.4400, F1: 0.5455
  → New best validation AUC: 0.8152
Epoch 34/50 - Train Loss: 0.6683, Train Acc: 0.6500, Train AUC: 0.7928 - Val Loss: 0.6879, Val Acc (0.5): 0.8286, Val AUC: 0.8152
  Train Best Threshold 0.50 → Balanced Acc: 0.6950, Acc: 0.6500, Sensitivity: 0.5638, Specificity: 0.8261, PPV: 0.8689, NPV: 0.4810, F1: 0.6839
  Val Best Threshold 0.50 → Balanced Acc: 0.7500, Acc: 0.8286, Sensitivity: 1.0000, Specificity: 0.5000, PPV: 0.7931, NPV: 1.0000, F1: 0.8846
Epoch 35/50 - Train Loss: 0.6747, Train Acc: 0.6214, Train AUC: 0.7366 - Val Loss: 0.6856, Val Acc (0.5): 0.7714, Val AUC: 0.8080
  Train Best Threshold 0.50 → Balanced Acc: 0.6570, Acc: 0.6214, Sensitivity: 0.5532, Specificity: 0.7609, PPV: 0.8254, NPV: 0.4545, F1: 0.6624
  Val Best Threshold 0.50 → Balanced Acc: 0.7065, Acc: 0.7714, Sensitivity: 0.9130, Specificity: 0.5000, PPV: 0.7778, NPV: 0.7500, F1: 0.8400
Epoch 36/50 - Train Loss: 0.6634, Train Acc: 0.6929, Train AUC: 0.7713 - Val Loss: 0.6831, Val Acc (0.5): 0.7714, Val AUC: 0.8043
  Train Best Threshold 0.50 → Balanced Acc: 0.7158, Acc: 0.6929, Sensitivity: 0.6489, Specificity: 0.7826, PPV: 0.8592, NPV: 0.5217, F1: 0.7394
  Val Best Threshold 0.50 → Balanced Acc: 0.7264, Acc: 0.7714, Sensitivity: 0.8696, Specificity: 0.5833, PPV: 0.8000, NPV: 0.7000, F1: 0.8333
Epoch 37/50 - Train Loss: 0.6672, Train Acc: 0.6214, Train AUC: 0.7808 - Val Loss: 0.6780, Val Acc (0.5): 0.7714, Val AUC: 0.8152
  Train Best Threshold 0.45 → Balanced Acc: 0.6855, Acc: 0.7714, Sensitivity: 0.9362, Specificity: 0.4348, PPV: 0.7719, NPV: 0.7692, F1: 0.8462
  Val Best Threshold 0.50 → Balanced Acc: 0.7264, Acc: 0.7714, Sensitivity: 0.8696, Specificity: 0.5833, PPV: 0.8000, NPV: 0.7000, F1: 0.8333
Epoch 38/50 - Train Loss: 0.6653, Train Acc: 0.6643, Train AUC: 0.7815 - Val Loss: 0.6743, Val Acc (0.5): 0.6857, Val AUC: 0.8261
  Train Best Threshold 0.50 → Balanced Acc: 0.7111, Acc: 0.6643, Sensitivity: 0.5745, Specificity: 0.8478, PPV: 0.8852, NPV: 0.4937, F1: 0.6968
  Val Best Threshold 0.50 → Balanced Acc: 0.6812, Acc: 0.6857, Sensitivity: 0.6957, Specificity: 0.6667, PPV: 0.8000, NPV: 0.5333, F1: 0.7442
  → New best validation AUC: 0.8261
Epoch 39/50 - Train Loss: 0.6663, Train Acc: 0.6500, Train AUC: 0.7576 - Val Loss: 0.6736, Val Acc (0.5): 0.7429, Val AUC: 0.8261
  Train Best Threshold 0.50 → Balanced Acc: 0.6783, Acc: 0.6500, Sensitivity: 0.5957, Specificity: 0.7609, PPV: 0.8358, NPV: 0.4795, F1: 0.6957
  Val Best Threshold 0.50 → Balanced Acc: 0.7246, Acc: 0.7429, Sensitivity: 0.7826, Specificity: 0.6667, PPV: 0.8182, NPV: 0.6154, F1: 0.8000
Epoch 40/50 - Train Loss: 0.6655, Train Acc: 0.6571, Train AUC: 0.7470 - Val Loss: 0.6753, Val Acc (0.5): 0.7429, Val AUC: 0.8225
  Train Best Threshold 0.50 → Balanced Acc: 0.6947, Acc: 0.6571, Sensitivity: 0.5851, Specificity: 0.8043, PPV: 0.8594, NPV: 0.4868, F1: 0.6962
  Val Best Threshold 0.50 → Balanced Acc: 0.7047, Acc: 0.7429, Sensitivity: 0.8261, Specificity: 0.5833, PPV: 0.7917, NPV: 0.6364, F1: 0.8085
Epoch 41/50 - Train Loss: 0.6657, Train Acc: 0.7000, Train AUC: 0.7576 - Val Loss: 0.6732, Val Acc (0.5): 0.7714, Val AUC: 0.8225
  Train Best Threshold 0.50 → Balanced Acc: 0.7266, Acc: 0.7000, Sensitivity: 0.6489, Specificity: 0.8043, PPV: 0.8714, NPV: 0.5286, F1: 0.7439
  Val Best Threshold 0.50 → Balanced Acc: 0.7264, Acc: 0.7714, Sensitivity: 0.8696, Specificity: 0.5833, PPV: 0.8000, NPV: 0.7000, F1: 0.8333
Epoch 42/50 - Train Loss: 0.6594, Train Acc: 0.6643, Train AUC: 0.7986 - Val Loss: 0.6738, Val Acc (0.5): 0.7714, Val AUC: 0.8297
  Train Best Threshold 0.50 → Balanced Acc: 0.7000, Acc: 0.6643, Sensitivity: 0.5957, Specificity: 0.8043, PPV: 0.8615, NPV: 0.4933, F1: 0.7044
  Val Best Threshold 0.50 → Balanced Acc: 0.7264, Acc: 0.7714, Sensitivity: 0.8696, Specificity: 0.5833, PPV: 0.8000, NPV: 0.7000, F1: 0.8333
  → New best validation AUC: 0.8297
Epoch 43/50 - Train Loss: 0.6519, Train Acc: 0.6786, Train AUC: 0.8004 - Val Loss: 0.6703, Val Acc (0.5): 0.7429, Val AUC: 0.8261
  Train Best Threshold 0.50 → Balanced Acc: 0.7273, Acc: 0.6786, Sensitivity: 0.5851, Specificity: 0.8696, PPV: 0.9016, NPV: 0.5063, F1: 0.7097
  Val Best Threshold 0.50 → Balanced Acc: 0.7246, Acc: 0.7429, Sensitivity: 0.7826, Specificity: 0.6667, PPV: 0.8182, NPV: 0.6154, F1: 0.8000
Epoch 44/50 - Train Loss: 0.6569, Train Acc: 0.7214, Train AUC: 0.8053 - Val Loss: 0.6656, Val Acc (0.5): 0.7143, Val AUC: 0.8442
  Train Best Threshold 0.50 → Balanced Acc: 0.7593, Acc: 0.7214, Sensitivity: 0.6489, Specificity: 0.8696, PPV: 0.9104, NPV: 0.5479, F1: 0.7578
  Val Best Threshold 0.50 → Balanced Acc: 0.7029, Acc: 0.7143, Sensitivity: 0.7391, Specificity: 0.6667, PPV: 0.8095, NPV: 0.5714, F1: 0.7727
  → New best validation AUC: 0.8442
Epoch 45/50 - Train Loss: 0.6632, Train Acc: 0.6786, Train AUC: 0.7759 - Val Loss: 0.6644, Val Acc (0.5): 0.7143, Val AUC: 0.8370
  Train Best Threshold 0.50 → Balanced Acc: 0.7218, Acc: 0.6786, Sensitivity: 0.5957, Specificity: 0.8478, PPV: 0.8889, NPV: 0.5065, F1: 0.7134
  Val Best Threshold 0.50 → Balanced Acc: 0.7029, Acc: 0.7143, Sensitivity: 0.7391, Specificity: 0.6667, PPV: 0.8095, NPV: 0.5714, F1: 0.7727
Epoch 46/50 - Train Loss: 0.6579, Train Acc: 0.6643, Train AUC: 0.7636 - Val Loss: 0.6649, Val Acc (0.5): 0.7714, Val AUC: 0.8297
  Train Best Threshold 0.50 → Balanced Acc: 0.7000, Acc: 0.6643, Sensitivity: 0.5957, Specificity: 0.8043, PPV: 0.8615, NPV: 0.4933, F1: 0.7044
  Val Best Threshold 0.50 → Balanced Acc: 0.7464, Acc: 0.7714, Sensitivity: 0.8261, Specificity: 0.6667, PPV: 0.8261, NPV: 0.6667, F1: 0.8261
Epoch 47/50 - Train Loss: 0.6561, Train Acc: 0.6929, Train AUC: 0.7993 - Val Loss: 0.6609, Val Acc (0.5): 0.7143, Val AUC: 0.8370
  Train Best Threshold 0.50 → Balanced Acc: 0.7380, Acc: 0.6929, Sensitivity: 0.6064, Specificity: 0.8696, PPV: 0.9048, NPV: 0.5195, F1: 0.7261
  Val Best Threshold 0.55 → Balanced Acc: 0.7174, Acc: 0.6286, Sensitivity: 0.4348, Specificity: 1.0000, PPV: 1.0000, NPV: 0.4800, F1: 0.6061
Epoch 48/50 - Train Loss: 0.6544, Train Acc: 0.6786, Train AUC: 0.7646 - Val Loss: 0.6617, Val Acc (0.5): 0.8000, Val AUC: 0.8297
  Train Best Threshold 0.50 → Balanced Acc: 0.7051, Acc: 0.6786, Sensitivity: 0.6277, Specificity: 0.7826, PPV: 0.8551, NPV: 0.5070, F1: 0.7239
  Val Best Threshold 0.50 → Balanced Acc: 0.7681, Acc: 0.8000, Sensitivity: 0.8696, Specificity: 0.6667, PPV: 0.8333, NPV: 0.7273, F1: 0.8511
Epoch 49/50 - Train Loss: 0.6557, Train Acc: 0.6786, Train AUC: 0.7581 - Val Loss: 0.6599, Val Acc (0.5): 0.7143, Val AUC: 0.8370
  Train Best Threshold 0.50 → Balanced Acc: 0.7051, Acc: 0.6786, Sensitivity: 0.6277, Specificity: 0.7826, PPV: 0.8551, NPV: 0.5070, F1: 0.7239
  Val Best Threshold 0.55 → Balanced Acc: 0.7192, Acc: 0.6571, Sensitivity: 0.5217, Specificity: 0.9167, PPV: 0.9231, NPV: 0.5000, F1: 0.6667
Epoch 50/50 - Train Loss: 0.6601, Train Acc: 0.6357, Train AUC: 0.7438 - Val Loss: 0.6616, Val Acc (0.5): 0.8000, Val AUC: 0.8406
  Train Best Threshold 0.45 → Balanced Acc: 0.6871, Acc: 0.7214, Sensitivity: 0.7872, Specificity: 0.5870, PPV: 0.7957, NPV: 0.5745, F1: 0.7914
  Val Best Threshold 0.50 → Balanced Acc: 0.7681, Acc: 0.8000, Sensitivity: 0.8696, Specificity: 0.6667, PPV: 0.8333, NPV: 0.7273, F1: 0.8511
Loaded best model with validation AUC: 0.8442
Final Train Results (Best Model) at epoch 44 - Loss: 0.6518, Accuracy: 0.6643, AUC: 0.7921
Final Val Results (Best Model) at epoch 44 - Loss: 0.6656, Accuracy: 0.7143, AUC: 0.8442
Train Best Threshold: 0.50 | Balanced Acc: 0.7056 | Acc: 0.6643 | Sensitivity: 0.5851 | Specificity: 0.8261 | PPV: 0.8730 | NPV: 0.4935 | F1: 0.7006
Train Confusion Matrix at Best Threshold (rows=actual [0,1], cols=predicted [0,1]):
[[38  8]
 [39 55]]
Val Best Threshold: 0.50 | Balanced Acc: 0.7029 | Acc: 0.7143 | Sensitivity: 0.7391 | Specificity: 0.6667 | PPV: 0.8095 | NPV: 0.5714 | F1: 0.7727
Val Confusion Matrix at Best Threshold (rows=actual [0,1], cols=predicted [0,1]):
[[ 8  4]
 [ 6 17]]

Fold 4 Training Cases (140): ['1', '100', '101', '102', '104', '105', '106', '108', '110', '112', '113', '114', '115', '118', '119', '122', '123', '126', '129', '132', '135', '137', '142', '144', '145', '152', '153', '154', '158', '162', '163', '164', '165', '169', '173', '175', '178', '180', '181', '186', '192', '197', '203', '204', '205', '206', '207', '210', '211', '215', '219', '221', '223', '224', '226', '231', '24', '241', '244', '245', '25', '250', '251', '253', '254', '255', '257', '258', '26', '260', '262', '263', '264', '27', '273', '274', '275', '276', '278', '280', '281', '284', '287', '29', '292', '300', '301', '303', '304', '307', '308', '31', '310', '311', '32', '324', '329', '331', '332', '37', '38', '4', '40', '43', '45', '46', '49', '5', '50', '52', '53', '55', '57', '58', '6', '60', '62', '63', '64', '65', '67', '68', '7', '73', '78', '8', '80', '81', '83', '85', '86', '87', '88', '89', '91', '93', '96', '97', '98', '99']
Fold 4 Validation Cases (35): ['107', '11', '111', '146', '157', '166', '177', '18', '185', '191', '217', '218', '220', '232', '259', '268', '269', '272', '283', '289', '298', '299', '306', '312', '313', '319', '320', '48', '51', '69', '77', '9', '90', '92', '95']
Fold 4 class distribution:
  Train: Class 0=46 (32.9%), Class 1=94 (67.1%)
  Val:   Class 0=12 (34.3%), Class 1=23 (65.7%)

======================================================================
Fold 4/5
======================================================================
Train: 140 patients
Val: 35 patients
Fitting clinical preprocessor on training data...
Built clinical feature dictionaries: train=140, val=35
Clinical input dimension: 5
Backbone feature dimension: 1280
Created mean pooling model with backbone efficientnetv2_b0
Using device: cuda
Class weights: [1.0, 0.4893617033958435]
Weight decay (L2 reg): 0.0001
Label smoothing: 0.1

Epoch 1/50 - Train Loss: 0.7179, Train Acc: 0.6143, Train AUC: 0.3908 - Val Loss: 0.7342, Val Acc (0.5): 0.6571, Val AUC: 0.4058
  Train Best Threshold 0.05 → Balanced Acc: 0.5000, Acc: 0.6714, Sensitivity: 1.0000, Specificity: 0.0000, PPV: 0.6714, NPV: 0.0000, F1: 0.8034
  Val Best Threshold 0.60 → Balanced Acc: 0.5217, Acc: 0.3714, Sensitivity: 0.0435, Specificity: 1.0000, PPV: 1.0000, NPV: 0.3529, F1: 0.0833
  → New best validation AUC: 0.4058
Epoch 2/50 - Train Loss: 0.7153, Train Acc: 0.6429, Train AUC: 0.4241 - Val Loss: 0.7329, Val Acc (0.5): 0.6571, Val AUC: 0.2899
  Train Best Threshold 0.05 → Balanced Acc: 0.5000, Acc: 0.6714, Sensitivity: 1.0000, Specificity: 0.0000, PPV: 0.6714, NPV: 0.0000, F1: 0.8034
  Val Best Threshold 0.05 → Balanced Acc: 0.5000, Acc: 0.6571, Sensitivity: 1.0000, Specificity: 0.0000, PPV: 0.6571, NPV: 0.0000, F1: 0.7931
Epoch 3/50 - Train Loss: 0.7124, Train Acc: 0.6143, Train AUC: 0.4618 - Val Loss: 0.7292, Val Acc (0.5): 0.6571, Val AUC: 0.2826
  Train Best Threshold 0.55 → Balanced Acc: 0.5028, Acc: 0.4143, Sensitivity: 0.2447, Specificity: 0.7609, PPV: 0.6765, NPV: 0.3302, F1: 0.3594
  Val Best Threshold 0.05 → Balanced Acc: 0.5000, Acc: 0.6571, Sensitivity: 1.0000, Specificity: 0.0000, PPV: 0.6571, NPV: 0.0000, F1: 0.7931
Epoch 4/50 - Train Loss: 0.7146, Train Acc: 0.5929, Train AUC: 0.4017 - Val Loss: 0.7240, Val Acc (0.5): 0.6571, Val AUC: 0.3007
  Train Best Threshold 0.05 → Balanced Acc: 0.5000, Acc: 0.6714, Sensitivity: 1.0000, Specificity: 0.0000, PPV: 0.6714, NPV: 0.0000, F1: 0.8034
  Val Best Threshold 0.05 → Balanced Acc: 0.5000, Acc: 0.6571, Sensitivity: 1.0000, Specificity: 0.0000, PPV: 0.6571, NPV: 0.0000, F1: 0.7931
Epoch 5/50 - Train Loss: 0.7064, Train Acc: 0.6429, Train AUC: 0.5208 - Val Loss: 0.7226, Val Acc (0.5): 0.6571, Val AUC: 0.3007
  Train Best Threshold 0.50 → Balanced Acc: 0.5176, Acc: 0.6429, Sensitivity: 0.8830, Specificity: 0.1522, PPV: 0.6803, NPV: 0.3889, F1: 0.7685
  Val Best Threshold 0.05 → Balanced Acc: 0.5000, Acc: 0.6571, Sensitivity: 1.0000, Specificity: 0.0000, PPV: 0.6571, NPV: 0.0000, F1: 0.7931
Epoch 6/50 - Train Loss: 0.7061, Train Acc: 0.5929, Train AUC: 0.4907 - Val Loss: 0.7204, Val Acc (0.5): 0.6571, Val AUC: 0.3225
  Train Best Threshold 0.45 → Balanced Acc: 0.5109, Acc: 0.6786, Sensitivity: 1.0000, Specificity: 0.0217, PPV: 0.6763, NPV: 1.0000, F1: 0.8069
  Val Best Threshold 0.05 → Balanced Acc: 0.5000, Acc: 0.6571, Sensitivity: 1.0000, Specificity: 0.0000, PPV: 0.6571, NPV: 0.0000, F1: 0.7931
Epoch 7/50 - Train Loss: 0.7045, Train Acc: 0.6000, Train AUC: 0.4954 - Val Loss: 0.7200, Val Acc (0.5): 0.6571, Val AUC: 0.3261
  Train Best Threshold 0.55 → Balanced Acc: 0.5472, Acc: 0.4143, Sensitivity: 0.1596, Specificity: 0.9348, PPV: 0.8333, NPV: 0.3525, F1: 0.2679
  Val Best Threshold 0.05 → Balanced Acc: 0.5000, Acc: 0.6571, Sensitivity: 1.0000, Specificity: 0.0000, PPV: 0.6571, NPV: 0.0000, F1: 0.7931
Epoch 8/50 - Train Loss: 0.7063, Train Acc: 0.6000, Train AUC: 0.5153 - Val Loss: 0.7182, Val Acc (0.5): 0.6571, Val AUC: 0.4022
  Train Best Threshold 0.55 → Balanced Acc: 0.5305, Acc: 0.4143, Sensitivity: 0.1915, Specificity: 0.8696, PPV: 0.7500, NPV: 0.3448, F1: 0.3051
  Val Best Threshold 0.05 → Balanced Acc: 0.5000, Acc: 0.6571, Sensitivity: 1.0000, Specificity: 0.0000, PPV: 0.6571, NPV: 0.0000, F1: 0.7931
Epoch 9/50 - Train Loss: 0.6978, Train Acc: 0.6357, Train AUC: 0.6018 - Val Loss: 0.7165, Val Acc (0.5): 0.6571, Val AUC: 0.4384
  Train Best Threshold 0.50 → Balanced Acc: 0.5400, Acc: 0.6357, Sensitivity: 0.8191, Specificity: 0.2609, PPV: 0.6937, NPV: 0.4138, F1: 0.7512
  Val Best Threshold 0.05 → Balanced Acc: 0.5000, Acc: 0.6571, Sensitivity: 1.0000, Specificity: 0.0000, PPV: 0.6571, NPV: 0.0000, F1: 0.7931
  → New best validation AUC: 0.4384
Epoch 10/50 - Train Loss: 0.7049, Train Acc: 0.5929, Train AUC: 0.4998 - Val Loss: 0.7154, Val Acc (0.5): 0.6571, Val AUC: 0.4601
  Train Best Threshold 0.55 → Balanced Acc: 0.5204, Acc: 0.3857, Sensitivity: 0.1277, Specificity: 0.9130, PPV: 0.7500, NPV: 0.3387, F1: 0.2182
  Val Best Threshold 0.55 → Balanced Acc: 0.5453, Acc: 0.4286, Sensitivity: 0.1739, Specificity: 0.9167, PPV: 0.8000, NPV: 0.3667, F1: 0.2857
  → New best validation AUC: 0.4601
Epoch 11/50 - Train Loss: 0.6974, Train Acc: 0.6571, Train AUC: 0.5964 - Val Loss: 0.7138, Val Acc (0.5): 0.6571, Val AUC: 0.4819
  Train Best Threshold 0.55 → Balanced Acc: 0.5634, Acc: 0.4286, Sensitivity: 0.1702, Specificity: 0.9565, PPV: 0.8889, NPV: 0.3607, F1: 0.2857
  Val Best Threshold 0.55 → Balanced Acc: 0.5018, Acc: 0.3714, Sensitivity: 0.0870, Specificity: 0.9167, PPV: 0.6667, NPV: 0.3438, F1: 0.1538
  → New best validation AUC: 0.4819
Epoch 12/50 - Train Loss: 0.6984, Train Acc: 0.6500, Train AUC: 0.5833 - Val Loss: 0.7129, Val Acc (0.5): 0.6571, Val AUC: 0.4783
  Train Best Threshold 0.50 → Balanced Acc: 0.5617, Acc: 0.6500, Sensitivity: 0.8191, Specificity: 0.3043, PPV: 0.7064, NPV: 0.4516, F1: 0.7586
  Val Best Threshold 0.55 → Balanced Acc: 0.5236, Acc: 0.4000, Sensitivity: 0.1304, Specificity: 0.9167, PPV: 0.7500, NPV: 0.3548, F1: 0.2222
Epoch 13/50 - Train Loss: 0.7011, Train Acc: 0.5500, Train AUC: 0.5264 - Val Loss: 0.7097, Val Acc (0.5): 0.6571, Val AUC: 0.5290
  Train Best Threshold 0.55 → Balanced Acc: 0.5370, Acc: 0.3857, Sensitivity: 0.0957, Specificity: 0.9783, PPV: 0.9000, NPV: 0.3462, F1: 0.1731
  Val Best Threshold 0.55 → Balanced Acc: 0.5236, Acc: 0.4000, Sensitivity: 0.1304, Specificity: 0.9167, PPV: 0.7500, NPV: 0.3548, F1: 0.2222
  → New best validation AUC: 0.5290
Epoch 14/50 - Train Loss: 0.6962, Train Acc: 0.6000, Train AUC: 0.6066 - Val Loss: 0.7088, Val Acc (0.5): 0.6571, Val AUC: 0.5254
  Train Best Threshold 0.55 → Balanced Acc: 0.5474, Acc: 0.4071, Sensitivity: 0.1383, Specificity: 0.9565, PPV: 0.8667, NPV: 0.3520, F1: 0.2385
  Val Best Threshold 0.55 → Balanced Acc: 0.5018, Acc: 0.3714, Sensitivity: 0.0870, Specificity: 0.9167, PPV: 0.6667, NPV: 0.3438, F1: 0.1538
Epoch 15/50 - Train Loss: 0.6995, Train Acc: 0.6071, Train AUC: 0.5712 - Val Loss: 0.7064, Val Acc (0.5): 0.6857, Val AUC: 0.5399
  Train Best Threshold 0.50 → Balanced Acc: 0.5465, Acc: 0.6071, Sensitivity: 0.7234, Specificity: 0.3696, PPV: 0.7010, NPV: 0.3953, F1: 0.7120
  Val Best Threshold 0.50 → Balanced Acc: 0.5417, Acc: 0.6857, Sensitivity: 1.0000, Specificity: 0.0833, PPV: 0.6765, NPV: 1.0000, F1: 0.8070
  → New best validation AUC: 0.5399
Epoch 16/50 - Train Loss: 0.6930, Train Acc: 0.6714, Train AUC: 0.6339 - Val Loss: 0.7056, Val Acc (0.5): 0.6571, Val AUC: 0.5471
  Train Best Threshold 0.50 → Balanced Acc: 0.6277, Acc: 0.6714, Sensitivity: 0.7553, Specificity: 0.5000, PPV: 0.7553, NPV: 0.5000, F1: 0.7553
  Val Best Threshold 0.55 → Balanced Acc: 0.5435, Acc: 0.4000, Sensitivity: 0.0870, Specificity: 1.0000, PPV: 1.0000, NPV: 0.3636, F1: 0.1600
  → New best validation AUC: 0.5471
Epoch 17/50 - Train Loss: 0.6937, Train Acc: 0.5857, Train AUC: 0.6325 - Val Loss: 0.7016, Val Acc (0.5): 0.6571, Val AUC: 0.5978
  Train Best Threshold 0.50 → Balanced Acc: 0.5472, Acc: 0.5857, Sensitivity: 0.6596, Specificity: 0.4348, PPV: 0.7045, NPV: 0.3846, F1: 0.6813
  Val Best Threshold 0.55 → Balanced Acc: 0.5435, Acc: 0.4000, Sensitivity: 0.0870, Specificity: 1.0000, PPV: 1.0000, NPV: 0.3636, F1: 0.1600
  → New best validation AUC: 0.5978
Epoch 18/50 - Train Loss: 0.6991, Train Acc: 0.6000, Train AUC: 0.5685 - Val Loss: 0.7008, Val Acc (0.5): 0.6571, Val AUC: 0.6159
  Train Best Threshold 0.50 → Balanced Acc: 0.5578, Acc: 0.6000, Sensitivity: 0.6809, Specificity: 0.4348, PPV: 0.7111, NPV: 0.4000, F1: 0.6957
  Val Best Threshold 0.55 → Balanced Acc: 0.5435, Acc: 0.4000, Sensitivity: 0.0870, Specificity: 1.0000, PPV: 1.0000, NPV: 0.3636, F1: 0.1600
  → New best validation AUC: 0.6159
Epoch 19/50 - Train Loss: 0.6887, Train Acc: 0.6786, Train AUC: 0.6859 - Val Loss: 0.7000, Val Acc (0.5): 0.6857, Val AUC: 0.6341
  Train Best Threshold 0.50 → Balanced Acc: 0.6385, Acc: 0.6786, Sensitivity: 0.7553, Specificity: 0.5217, PPV: 0.7634, NPV: 0.5106, F1: 0.7594
  Val Best Threshold 0.55 → Balanced Acc: 0.5652, Acc: 0.4286, Sensitivity: 0.1304, Specificity: 1.0000, PPV: 1.0000, NPV: 0.3750, F1: 0.2308
  → New best validation AUC: 0.6341
Epoch 20/50 - Train Loss: 0.6937, Train Acc: 0.6714, Train AUC: 0.6101 - Val Loss: 0.6982, Val Acc (0.5): 0.6857, Val AUC: 0.6341
  Train Best Threshold 0.50 → Balanced Acc: 0.6388, Acc: 0.6714, Sensitivity: 0.7340, Specificity: 0.5435, PPV: 0.7667, NPV: 0.5000, F1: 0.7500
  Val Best Threshold 0.55 → Balanced Acc: 0.5652, Acc: 0.4286, Sensitivity: 0.1304, Specificity: 1.0000, PPV: 1.0000, NPV: 0.3750, F1: 0.2308
Epoch 21/50 - Train Loss: 0.6847, Train Acc: 0.6571, Train AUC: 0.7005 - Val Loss: 0.6967, Val Acc (0.5): 0.6857, Val AUC: 0.6594
  Train Best Threshold 0.50 → Balanced Acc: 0.6392, Acc: 0.6571, Sensitivity: 0.6915, Specificity: 0.5870, PPV: 0.7738, NPV: 0.4821, F1: 0.7303
  Val Best Threshold 0.55 → Balanced Acc: 0.5652, Acc: 0.4286, Sensitivity: 0.1304, Specificity: 1.0000, PPV: 1.0000, NPV: 0.3750, F1: 0.2308
  → New best validation AUC: 0.6594
Epoch 22/50 - Train Loss: 0.6807, Train Acc: 0.7071, Train AUC: 0.7565 - Val Loss: 0.6963, Val Acc (0.5): 0.6571, Val AUC: 0.6739
  Train Best Threshold 0.50 → Balanced Acc: 0.6876, Acc: 0.7071, Sensitivity: 0.7447, Specificity: 0.6304, PPV: 0.8046, NPV: 0.5472, F1: 0.7735
  Val Best Threshold 0.55 → Balanced Acc: 0.5670, Acc: 0.4571, Sensitivity: 0.2174, Specificity: 0.9167, PPV: 0.8333, NPV: 0.3793, F1: 0.3448
  → New best validation AUC: 0.6739
Epoch 23/50 - Train Loss: 0.6862, Train Acc: 0.6571, Train AUC: 0.6987 - Val Loss: 0.6954, Val Acc (0.5): 0.6571, Val AUC: 0.6594
  Train Best Threshold 0.50 → Balanced Acc: 0.6392, Acc: 0.6571, Sensitivity: 0.6915, Specificity: 0.5870, PPV: 0.7738, NPV: 0.4821, F1: 0.7303
  Val Best Threshold 0.55 → Balanced Acc: 0.5670, Acc: 0.4571, Sensitivity: 0.2174, Specificity: 0.9167, PPV: 0.8333, NPV: 0.3793, F1: 0.3448
Epoch 24/50 - Train Loss: 0.6819, Train Acc: 0.6857, Train AUC: 0.7389 - Val Loss: 0.6944, Val Acc (0.5): 0.6571, Val AUC: 0.6703
  Train Best Threshold 0.50 → Balanced Acc: 0.6660, Acc: 0.6857, Sensitivity: 0.7234, Specificity: 0.6087, PPV: 0.7907, NPV: 0.5185, F1: 0.7556
  Val Best Threshold 0.55 → Balanced Acc: 0.5888, Acc: 0.4857, Sensitivity: 0.2609, Specificity: 0.9167, PPV: 0.8571, NPV: 0.3929, F1: 0.4000
Epoch 25/50 - Train Loss: 0.6812, Train Acc: 0.6571, Train AUC: 0.7035 - Val Loss: 0.6925, Val Acc (0.5): 0.7143, Val AUC: 0.6775
  Train Best Threshold 0.50 → Balanced Acc: 0.6614, Acc: 0.6571, Sensitivity: 0.6489, Specificity: 0.6739, PPV: 0.8026, NPV: 0.4844, F1: 0.7176
  Val Best Threshold 0.50 → Balanced Acc: 0.6232, Acc: 0.7143, Sensitivity: 0.9130, Specificity: 0.3333, PPV: 0.7241, NPV: 0.6667, F1: 0.8077
  → New best validation AUC: 0.6775
Epoch 26/50 - Train Loss: 0.6840, Train Acc: 0.6643, Train AUC: 0.7107 - Val Loss: 0.6915, Val Acc (0.5): 0.7143, Val AUC: 0.6993
  Train Best Threshold 0.50 → Balanced Acc: 0.6445, Acc: 0.6643, Sensitivity: 0.7021, Specificity: 0.5870, PPV: 0.7765, NPV: 0.4909, F1: 0.7374
  Val Best Threshold 0.50 → Balanced Acc: 0.6431, Acc: 0.7143, Sensitivity: 0.8696, Specificity: 0.4167, PPV: 0.7407, NPV: 0.6250, F1: 0.8000
  → New best validation AUC: 0.6993
Epoch 27/50 - Train Loss: 0.6713, Train Acc: 0.6929, Train AUC: 0.8115 - Val Loss: 0.6906, Val Acc (0.5): 0.7714, Val AUC: 0.7101
  Train Best Threshold 0.50 → Balanced Acc: 0.7324, Acc: 0.6929, Sensitivity: 0.6170, Specificity: 0.8478, PPV: 0.8923, NPV: 0.5200, F1: 0.7296
  Val Best Threshold 0.50 → Balanced Acc: 0.7065, Acc: 0.7714, Sensitivity: 0.9130, Specificity: 0.5000, PPV: 0.7778, NPV: 0.7500, F1: 0.8400
  → New best validation AUC: 0.7101
Epoch 28/50 - Train Loss: 0.6887, Train Acc: 0.6357, Train AUC: 0.6522 - Val Loss: 0.6889, Val Acc (0.5): 0.7429, Val AUC: 0.7174
  Train Best Threshold 0.50 → Balanced Acc: 0.6344, Acc: 0.6357, Sensitivity: 0.6383, Specificity: 0.6304, PPV: 0.7792, NPV: 0.4603, F1: 0.7018
  Val Best Threshold 0.50 → Balanced Acc: 0.7047, Acc: 0.7429, Sensitivity: 0.8261, Specificity: 0.5833, PPV: 0.7917, NPV: 0.6364, F1: 0.8085
  → New best validation AUC: 0.7174
Epoch 29/50 - Train Loss: 0.6793, Train Acc: 0.6786, Train AUC: 0.7403 - Val Loss: 0.6882, Val Acc (0.5): 0.7143, Val AUC: 0.7174
  Train Best Threshold 0.50 → Balanced Acc: 0.7218, Acc: 0.6786, Sensitivity: 0.5957, Specificity: 0.8478, PPV: 0.8889, NPV: 0.5065, F1: 0.7134
  Val Best Threshold 0.50 → Balanced Acc: 0.6830, Acc: 0.7143, Sensitivity: 0.7826, Specificity: 0.5833, PPV: 0.7826, NPV: 0.5833, F1: 0.7826
Epoch 30/50 - Train Loss: 0.6697, Train Acc: 0.6929, Train AUC: 0.7909 - Val Loss: 0.6882, Val Acc (0.5): 0.7143, Val AUC: 0.7174
  Train Best Threshold 0.50 → Balanced Acc: 0.7047, Acc: 0.6929, Sensitivity: 0.6702, Specificity: 0.7391, PPV: 0.8400, NPV: 0.5231, F1: 0.7456
  Val Best Threshold 0.50 → Balanced Acc: 0.6630, Acc: 0.7143, Sensitivity: 0.8261, Specificity: 0.5000, PPV: 0.7600, NPV: 0.6000, F1: 0.7917
Epoch 31/50 - Train Loss: 0.6776, Train Acc: 0.6500, Train AUC: 0.7364 - Val Loss: 0.6884, Val Acc (0.5): 0.7143, Val AUC: 0.7101
  Train Best Threshold 0.50 → Balanced Acc: 0.6561, Acc: 0.6500, Sensitivity: 0.6383, Specificity: 0.6739, PPV: 0.8000, NPV: 0.4769, F1: 0.7101
  Val Best Threshold 0.50 → Balanced Acc: 0.6630, Acc: 0.7143, Sensitivity: 0.8261, Specificity: 0.5000, PPV: 0.7600, NPV: 0.6000, F1: 0.7917
Epoch 32/50 - Train Loss: 0.6669, Train Acc: 0.7071, Train AUC: 0.7870 - Val Loss: 0.6854, Val Acc (0.5): 0.7429, Val AUC: 0.7246
  Train Best Threshold 0.50 → Balanced Acc: 0.7264, Acc: 0.7071, Sensitivity: 0.6702, Specificity: 0.7826, PPV: 0.8630, NPV: 0.5373, F1: 0.7545
  Val Best Threshold 0.50 → Balanced Acc: 0.7047, Acc: 0.7429, Sensitivity: 0.8261, Specificity: 0.5833, PPV: 0.7917, NPV: 0.6364, F1: 0.8085
  → New best validation AUC: 0.7246
Epoch 33/50 - Train Loss: 0.6766, Train Acc: 0.7000, Train AUC: 0.7336 - Val Loss: 0.6842, Val Acc (0.5): 0.7429, Val AUC: 0.7246
  Train Best Threshold 0.50 → Balanced Acc: 0.7211, Acc: 0.7000, Sensitivity: 0.6596, Specificity: 0.7826, PPV: 0.8611, NPV: 0.5294, F1: 0.7470
  Val Best Threshold 0.50 → Balanced Acc: 0.7246, Acc: 0.7429, Sensitivity: 0.7826, Specificity: 0.6667, PPV: 0.8182, NPV: 0.6154, F1: 0.8000
Epoch 34/50 - Train Loss: 0.6735, Train Acc: 0.6429, Train AUC: 0.7729 - Val Loss: 0.6828, Val Acc (0.5): 0.7429, Val AUC: 0.7246
  Train Best Threshold 0.50 → Balanced Acc: 0.6674, Acc: 0.6429, Sensitivity: 0.5957, Specificity: 0.7391, PPV: 0.8235, NPV: 0.4722, F1: 0.6914
  Val Best Threshold 0.50 → Balanced Acc: 0.7246, Acc: 0.7429, Sensitivity: 0.7826, Specificity: 0.6667, PPV: 0.8182, NPV: 0.6154, F1: 0.8000
Epoch 35/50 - Train Loss: 0.6684, Train Acc: 0.6786, Train AUC: 0.7655 - Val Loss: 0.6814, Val Acc (0.5): 0.7429, Val AUC: 0.7319
  Train Best Threshold 0.50 → Balanced Acc: 0.7107, Acc: 0.6786, Sensitivity: 0.6170, Specificity: 0.8043, PPV: 0.8657, NPV: 0.5068, F1: 0.7205
  Val Best Threshold 0.50 → Balanced Acc: 0.7246, Acc: 0.7429, Sensitivity: 0.7826, Specificity: 0.6667, PPV: 0.8182, NPV: 0.6154, F1: 0.8000
  → New best validation AUC: 0.7319
Epoch 36/50 - Train Loss: 0.6731, Train Acc: 0.6643, Train AUC: 0.7225 - Val Loss: 0.6776, Val Acc (0.5): 0.6857, Val AUC: 0.7355
  Train Best Threshold 0.50 → Balanced Acc: 0.6889, Acc: 0.6643, Sensitivity: 0.6170, Specificity: 0.7609, PPV: 0.8406, NPV: 0.4930, F1: 0.7117
  Val Best Threshold 0.50 → Balanced Acc: 0.6812, Acc: 0.6857, Sensitivity: 0.6957, Specificity: 0.6667, PPV: 0.8000, NPV: 0.5333, F1: 0.7442
  → New best validation AUC: 0.7355
Epoch 37/50 - Train Loss: 0.6656, Train Acc: 0.6571, Train AUC: 0.7791 - Val Loss: 0.6751, Val Acc (0.5): 0.6286, Val AUC: 0.7464
  Train Best Threshold 0.50 → Balanced Acc: 0.6836, Acc: 0.6571, Sensitivity: 0.6064, Specificity: 0.7609, PPV: 0.8382, NPV: 0.4861, F1: 0.7037
  Val Best Threshold 0.50 → Balanced Acc: 0.6377, Acc: 0.6286, Sensitivity: 0.6087, Specificity: 0.6667, PPV: 0.7778, NPV: 0.4706, F1: 0.6829
  → New best validation AUC: 0.7464
Epoch 38/50 - Train Loss: 0.6580, Train Acc: 0.6929, Train AUC: 0.8106 - Val Loss: 0.6723, Val Acc (0.5): 0.6571, Val AUC: 0.7500
  Train Best Threshold 0.50 → Balanced Acc: 0.7213, Acc: 0.6929, Sensitivity: 0.6383, Specificity: 0.8043, PPV: 0.8696, NPV: 0.5211, F1: 0.7362
  Val Best Threshold 0.50 → Balanced Acc: 0.6793, Acc: 0.6571, Sensitivity: 0.6087, Specificity: 0.7500, PPV: 0.8235, NPV: 0.5000, F1: 0.7000
  → New best validation AUC: 0.7500
Epoch 39/50 - Train Loss: 0.6698, Train Acc: 0.6286, Train AUC: 0.7419 - Val Loss: 0.6718, Val Acc (0.5): 0.6571, Val AUC: 0.7536
  Train Best Threshold 0.50 → Balanced Acc: 0.6457, Acc: 0.6286, Sensitivity: 0.5957, Specificity: 0.6957, PPV: 0.8000, NPV: 0.4571, F1: 0.6829
  Val Best Threshold 0.50 → Balanced Acc: 0.6793, Acc: 0.6571, Sensitivity: 0.6087, Specificity: 0.7500, PPV: 0.8235, NPV: 0.5000, F1: 0.7000
  → New best validation AUC: 0.7536
Epoch 40/50 - Train Loss: 0.6634, Train Acc: 0.6643, Train AUC: 0.7891 - Val Loss: 0.6720, Val Acc (0.5): 0.6857, Val AUC: 0.7536
  Train Best Threshold 0.50 → Balanced Acc: 0.6945, Acc: 0.6643, Sensitivity: 0.6064, Specificity: 0.7826, PPV: 0.8507, NPV: 0.4932, F1: 0.7081
  Val Best Threshold 0.50 → Balanced Acc: 0.6812, Acc: 0.6857, Sensitivity: 0.6957, Specificity: 0.6667, PPV: 0.8000, NPV: 0.5333, F1: 0.7442
Epoch 41/50 - Train Loss: 0.6674, Train Acc: 0.6714, Train AUC: 0.7889 - Val Loss: 0.6709, Val Acc (0.5): 0.6857, Val AUC: 0.7572
  Train Best Threshold 0.50 → Balanced Acc: 0.7109, Acc: 0.6714, Sensitivity: 0.5957, Specificity: 0.8261, PPV: 0.8750, NPV: 0.5000, F1: 0.7089
  Val Best Threshold 0.50 → Balanced Acc: 0.6812, Acc: 0.6857, Sensitivity: 0.6957, Specificity: 0.6667, PPV: 0.8000, NPV: 0.5333, F1: 0.7442
  → New best validation AUC: 0.7572
Epoch 42/50 - Train Loss: 0.6531, Train Acc: 0.7357, Train AUC: 0.8314 - Val Loss: 0.6695, Val Acc (0.5): 0.6857, Val AUC: 0.7609
  Train Best Threshold 0.50 → Balanced Acc: 0.7643, Acc: 0.7357, Sensitivity: 0.6809, Specificity: 0.8478, PPV: 0.9014, NPV: 0.5652, F1: 0.7758
  Val Best Threshold 0.50 → Balanced Acc: 0.6812, Acc: 0.6857, Sensitivity: 0.6957, Specificity: 0.6667, PPV: 0.8000, NPV: 0.5333, F1: 0.7442
  → New best validation AUC: 0.7609
Epoch 43/50 - Train Loss: 0.6680, Train Acc: 0.6143, Train AUC: 0.7419 - Val Loss: 0.6682, Val Acc (0.5): 0.7143, Val AUC: 0.7609
  Train Best Threshold 0.45 → Balanced Acc: 0.6691, Acc: 0.7643, Sensitivity: 0.9468, Specificity: 0.3913, PPV: 0.7607, NPV: 0.7826, F1: 0.8436
  Val Best Threshold 0.50 → Balanced Acc: 0.7228, Acc: 0.7143, Sensitivity: 0.6957, Specificity: 0.7500, PPV: 0.8421, NPV: 0.5625, F1: 0.7619
Epoch 44/50 - Train Loss: 0.6623, Train Acc: 0.6857, Train AUC: 0.8004 - Val Loss: 0.6652, Val Acc (0.5): 0.6857, Val AUC: 0.7717
  Train Best Threshold 0.50 → Balanced Acc: 0.7382, Acc: 0.6857, Sensitivity: 0.5851, Specificity: 0.8913, PPV: 0.9167, NPV: 0.5125, F1: 0.7143
  Val Best Threshold 0.50 → Balanced Acc: 0.7011, Acc: 0.6857, Sensitivity: 0.6522, Specificity: 0.7500, PPV: 0.8333, NPV: 0.5294, F1: 0.7317
  → New best validation AUC: 0.7717
Epoch 45/50 - Train Loss: 0.6539, Train Acc: 0.7000, Train AUC: 0.7916 - Val Loss: 0.6639, Val Acc (0.5): 0.6857, Val AUC: 0.7717
  Train Best Threshold 0.50 → Balanced Acc: 0.7322, Acc: 0.7000, Sensitivity: 0.6383, Specificity: 0.8261, PPV: 0.8824, NPV: 0.5278, F1: 0.7407
  Val Best Threshold 0.50 → Balanced Acc: 0.7011, Acc: 0.6857, Sensitivity: 0.6522, Specificity: 0.7500, PPV: 0.8333, NPV: 0.5294, F1: 0.7317
Epoch 46/50 - Train Loss: 0.6573, Train Acc: 0.6786, Train AUC: 0.7840 - Val Loss: 0.6648, Val Acc (0.5): 0.6857, Val AUC: 0.7681
  Train Best Threshold 0.50 → Balanced Acc: 0.6940, Acc: 0.6786, Sensitivity: 0.6489, Specificity: 0.7391, PPV: 0.8356, NPV: 0.5075, F1: 0.7305
  Val Best Threshold 0.50 → Balanced Acc: 0.6812, Acc: 0.6857, Sensitivity: 0.6957, Specificity: 0.6667, PPV: 0.8000, NPV: 0.5333, F1: 0.7442
Epoch 47/50 - Train Loss: 0.6574, Train Acc: 0.7000, Train AUC: 0.7981 - Val Loss: 0.6601, Val Acc (0.5): 0.7143, Val AUC: 0.7754
  Train Best Threshold 0.50 → Balanced Acc: 0.7211, Acc: 0.7000, Sensitivity: 0.6596, Specificity: 0.7826, PPV: 0.8611, NPV: 0.5294, F1: 0.7470
  Val Best Threshold 0.50 → Balanced Acc: 0.7428, Acc: 0.7143, Sensitivity: 0.6522, Specificity: 0.8333, PPV: 0.8824, NPV: 0.5556, F1: 0.7500
  → New best validation AUC: 0.7754
Epoch 48/50 - Train Loss: 0.6575, Train Acc: 0.6643, Train AUC: 0.7516 - Val Loss: 0.6572, Val Acc (0.5): 0.7143, Val AUC: 0.7826
  Train Best Threshold 0.50 → Balanced Acc: 0.6834, Acc: 0.6643, Sensitivity: 0.6277, Specificity: 0.7391, PPV: 0.8310, NPV: 0.4928, F1: 0.7152
  Val Best Threshold 0.50 → Balanced Acc: 0.7428, Acc: 0.7143, Sensitivity: 0.6522, Specificity: 0.8333, PPV: 0.8824, NPV: 0.5556, F1: 0.7500
  → New best validation AUC: 0.7826
Epoch 49/50 - Train Loss: 0.6543, Train Acc: 0.6429, Train AUC: 0.7775 - Val Loss: 0.6578, Val Acc (0.5): 0.6857, Val AUC: 0.7862
  Train Best Threshold 0.45 → Balanced Acc: 0.6806, Acc: 0.7500, Sensitivity: 0.8830, Specificity: 0.4783, PPV: 0.7757, NPV: 0.6667, F1: 0.8259
  Val Best Threshold 0.50 → Balanced Acc: 0.7210, Acc: 0.6857, Sensitivity: 0.6087, Specificity: 0.8333, PPV: 0.8750, NPV: 0.5263, F1: 0.7179
  → New best validation AUC: 0.7862
Epoch 50/50 - Train Loss: 0.6512, Train Acc: 0.7000, Train AUC: 0.8145 - Val Loss: 0.6568, Val Acc (0.5): 0.6857, Val AUC: 0.7826
  Train Best Threshold 0.50 → Balanced Acc: 0.7211, Acc: 0.7000, Sensitivity: 0.6596, Specificity: 0.7826, PPV: 0.8611, NPV: 0.5294, F1: 0.7470
  Val Best Threshold 0.50 → Balanced Acc: 0.7011, Acc: 0.6857, Sensitivity: 0.6522, Specificity: 0.7500, PPV: 0.8333, NPV: 0.5294, F1: 0.7317
Loaded best model with validation AUC: 0.7862
Final Train Results (Best Model) at epoch 49 - Loss: 0.6408, Accuracy: 0.7071, AUC: 0.8414
Final Val Results (Best Model) at epoch 49 - Loss: 0.6578, Accuracy: 0.6857, AUC: 0.7862
Train Best Threshold: 0.50 | Balanced Acc: 0.7542 | Acc: 0.7071 | Sensitivity: 0.6170 | Specificity: 0.8913 | PPV: 0.9206 | NPV: 0.5325 | F1: 0.7389
Train Confusion Matrix at Best Threshold (rows=actual [0,1], cols=predicted [0,1]):
[[41  5]
 [36 58]]
Val Best Threshold: 0.50 | Balanced Acc: 0.7210 | Acc: 0.6857 | Sensitivity: 0.6087 | Specificity: 0.8333 | PPV: 0.8750 | NPV: 0.5263 | F1: 0.7179
Val Confusion Matrix at Best Threshold (rows=actual [0,1], cols=predicted [0,1]):
[[10  2]
 [ 9 14]]

Fold 5 Training Cases (140): ['1', '100', '101', '102', '104', '105', '106', '107', '108', '11', '110', '111', '113', '114', '118', '119', '123', '126', '129', '135', '137', '142', '144', '145', '146', '152', '154', '157', '163', '164', '165', '166', '169', '173', '175', '177', '178', '18', '181', '185', '186', '191', '192', '197', '203', '204', '205', '206', '217', '218', '219', '220', '221', '223', '226', '232', '241', '245', '25', '250', '253', '254', '255', '258', '259', '26', '260', '262', '263', '264', '268', '269', '27', '272', '273', '274', '275', '276', '281', '283', '284', '289', '29', '292', '298', '299', '300', '303', '304', '306', '307', '310', '311', '312', '313', '319', '320', '324', '331', '332', '37', '4', '40', '45', '48', '50', '51', '53', '55', '57', '58', '6', '60', '62', '63', '64', '65', '68', '69', '7', '73', '77', '78', '8', '80', '81', '85', '86', '87', '89', '9', '90', '91', '92', '93', '95', '96', '97', '98', '99']
Fold 5 Validation Cases (35): ['112', '115', '122', '132', '153', '158', '162', '180', '207', '210', '211', '215', '224', '231', '24', '244', '251', '257', '278', '280', '287', '301', '308', '31', '32', '329', '38', '43', '46', '49', '5', '52', '67', '83', '88']
Fold 5 class distribution:
  Train: Class 0=46 (32.9%), Class 1=94 (67.1%)
  Val:   Class 0=12 (34.3%), Class 1=23 (65.7%)

======================================================================
Fold 5/5
======================================================================
Train: 140 patients
Val: 35 patients
Fitting clinical preprocessor on training data...
Built clinical feature dictionaries: train=140, val=35
Clinical input dimension: 5
Backbone feature dimension: 1280
Created mean pooling model with backbone efficientnetv2_b0
Using device: cuda
Class weights: [1.0, 0.4893617033958435]
Weight decay (L2 reg): 0.0001
Label smoothing: 0.1

Epoch 1/50 - Train Loss: 0.7083, Train Acc: 0.6643, Train AUC: 0.4704 - Val Loss: 0.7049, Val Acc (0.5): 0.6571, Val AUC: 0.3152
  Train Best Threshold 0.50 → Balanced Acc: 0.5280, Acc: 0.6643, Sensitivity: 0.9255, Specificity: 0.1304, PPV: 0.6850, NPV: 0.4615, F1: 0.7873
  Val Best Threshold 0.05 → Balanced Acc: 0.5000, Acc: 0.6571, Sensitivity: 1.0000, Specificity: 0.0000, PPV: 0.6571, NPV: 0.0000, F1: 0.7931
  → New best validation AUC: 0.3152
Epoch 2/50 - Train Loss: 0.7120, Train Acc: 0.6143, Train AUC: 0.4438 - Val Loss: 0.7092, Val Acc (0.5): 0.6571, Val AUC: 0.2645
  Train Best Threshold 0.05 → Balanced Acc: 0.5000, Acc: 0.6714, Sensitivity: 1.0000, Specificity: 0.0000, PPV: 0.6714, NPV: 0.0000, F1: 0.8034
  Val Best Threshold 0.05 → Balanced Acc: 0.5000, Acc: 0.6571, Sensitivity: 1.0000, Specificity: 0.0000, PPV: 0.6571, NPV: 0.0000, F1: 0.7931
Epoch 3/50 - Train Loss: 0.7123, Train Acc: 0.6286, Train AUC: 0.4500 - Val Loss: 0.7072, Val Acc (0.5): 0.6571, Val AUC: 0.3478
  Train Best Threshold 0.50 → Balanced Acc: 0.5069, Acc: 0.6286, Sensitivity: 0.8617, Specificity: 0.1522, PPV: 0.6750, NPV: 0.3500, F1: 0.7570
  Val Best Threshold 0.05 → Balanced Acc: 0.5000, Acc: 0.6571, Sensitivity: 1.0000, Specificity: 0.0000, PPV: 0.6571, NPV: 0.0000, F1: 0.7931
  → New best validation AUC: 0.3478
Epoch 4/50 - Train Loss: 0.7123, Train Acc: 0.6286, Train AUC: 0.4114 - Val Loss: 0.7059, Val Acc (0.5): 0.6571, Val AUC: 0.3732
  Train Best Threshold 0.60 → Balanced Acc: 0.5053, Acc: 0.3357, Sensitivity: 0.0106, Specificity: 1.0000, PPV: 1.0000, NPV: 0.3309, F1: 0.0211
  Val Best Threshold 0.05 → Balanced Acc: 0.5000, Acc: 0.6571, Sensitivity: 1.0000, Specificity: 0.0000, PPV: 0.6571, NPV: 0.0000, F1: 0.7931
  → New best validation AUC: 0.3732
Epoch 5/50 - Train Loss: 0.7143, Train Acc: 0.6071, Train AUC: 0.4140 - Val Loss: 0.7049, Val Acc (0.5): 0.6571, Val AUC: 0.3732
  Train Best Threshold 0.05 → Balanced Acc: 0.5000, Acc: 0.6714, Sensitivity: 1.0000, Specificity: 0.0000, PPV: 0.6714, NPV: 0.0000, F1: 0.8034
  Val Best Threshold 0.05 → Balanced Acc: 0.5000, Acc: 0.6571, Sensitivity: 1.0000, Specificity: 0.0000, PPV: 0.6571, NPV: 0.0000, F1: 0.7931
Epoch 6/50 - Train Loss: 0.7068, Train Acc: 0.6143, Train AUC: 0.4933 - Val Loss: 0.7045, Val Acc (0.5): 0.6571, Val AUC: 0.3841
  Train Best Threshold 0.45 → Balanced Acc: 0.5056, Acc: 0.6714, Sensitivity: 0.9894, Specificity: 0.0217, PPV: 0.6739, NPV: 0.5000, F1: 0.8017
  Val Best Threshold 0.05 → Balanced Acc: 0.5000, Acc: 0.6571, Sensitivity: 1.0000, Specificity: 0.0000, PPV: 0.6571, NPV: 0.0000, F1: 0.7931
  → New best validation AUC: 0.3841
Epoch 7/50 - Train Loss: 0.7037, Train Acc: 0.5714, Train AUC: 0.5284 - Val Loss: 0.7038, Val Acc (0.5): 0.6571, Val AUC: 0.4239
  Train Best Threshold 0.55 → Balanced Acc: 0.5095, Acc: 0.3786, Sensitivity: 0.1277, Specificity: 0.8913, PPV: 0.7059, NPV: 0.3333, F1: 0.2162
  Val Best Threshold 0.05 → Balanced Acc: 0.5000, Acc: 0.6571, Sensitivity: 1.0000, Specificity: 0.0000, PPV: 0.6571, NPV: 0.0000, F1: 0.7931
  → New best validation AUC: 0.4239
Epoch 8/50 - Train Loss: 0.6963, Train Acc: 0.6286, Train AUC: 0.6242 - Val Loss: 0.7017, Val Acc (0.5): 0.6571, Val AUC: 0.4420
  Train Best Threshold 0.55 → Balanced Acc: 0.5578, Acc: 0.4286, Sensitivity: 0.1809, Specificity: 0.9348, PPV: 0.8500, NPV: 0.3583, F1: 0.2982
  Val Best Threshold 0.05 → Balanced Acc: 0.5000, Acc: 0.6571, Sensitivity: 1.0000, Specificity: 0.0000, PPV: 0.6571, NPV: 0.0000, F1: 0.7931
  → New best validation AUC: 0.4420
Epoch 9/50 - Train Loss: 0.6981, Train Acc: 0.5786, Train AUC: 0.5583 - Val Loss: 0.7010, Val Acc (0.5): 0.6571, Val AUC: 0.4601
  Train Best Threshold 0.50 → Balanced Acc: 0.5197, Acc: 0.5786, Sensitivity: 0.6915, Specificity: 0.3478, PPV: 0.6842, NPV: 0.3556, F1: 0.6878
  Val Best Threshold 0.05 → Balanced Acc: 0.5000, Acc: 0.6571, Sensitivity: 1.0000, Specificity: 0.0000, PPV: 0.6571, NPV: 0.0000, F1: 0.7931
  → New best validation AUC: 0.4601
Epoch 10/50 - Train Loss: 0.6998, Train Acc: 0.6500, Train AUC: 0.5611 - Val Loss: 0.7003, Val Acc (0.5): 0.6571, Val AUC: 0.4565
  Train Best Threshold 0.50 → Balanced Acc: 0.5617, Acc: 0.6500, Sensitivity: 0.8191, Specificity: 0.3043, PPV: 0.7064, NPV: 0.4516, F1: 0.7586
  Val Best Threshold 0.05 → Balanced Acc: 0.5000, Acc: 0.6571, Sensitivity: 1.0000, Specificity: 0.0000, PPV: 0.6571, NPV: 0.0000, F1: 0.7931
Epoch 11/50 - Train Loss: 0.6953, Train Acc: 0.6714, Train AUC: 0.5974 - Val Loss: 0.7001, Val Acc (0.5): 0.6571, Val AUC: 0.4746
  Train Best Threshold 0.50 → Balanced Acc: 0.5888, Acc: 0.6714, Sensitivity: 0.8298, Specificity: 0.3478, PPV: 0.7222, NPV: 0.5000, F1: 0.7723
  Val Best Threshold 0.05 → Balanced Acc: 0.5000, Acc: 0.6571, Sensitivity: 1.0000, Specificity: 0.0000, PPV: 0.6571, NPV: 0.0000, F1: 0.7931
  → New best validation AUC: 0.4746
Epoch 12/50 - Train Loss: 0.7003, Train Acc: 0.6000, Train AUC: 0.5608 - Val Loss: 0.7000, Val Acc (0.5): 0.6571, Val AUC: 0.4928
  Train Best Threshold 0.50 → Balanced Acc: 0.5523, Acc: 0.6000, Sensitivity: 0.6915, Specificity: 0.4130, PPV: 0.7065, NPV: 0.3958, F1: 0.6989
  Val Best Threshold 0.05 → Balanced Acc: 0.5000, Acc: 0.6571, Sensitivity: 1.0000, Specificity: 0.0000, PPV: 0.6571, NPV: 0.0000, F1: 0.7931
  → New best validation AUC: 0.4928
Epoch 13/50 - Train Loss: 0.6944, Train Acc: 0.6071, Train AUC: 0.6182 - Val Loss: 0.6979, Val Acc (0.5): 0.6571, Val AUC: 0.5290
  Train Best Threshold 0.50 → Balanced Acc: 0.5909, Acc: 0.6071, Sensitivity: 0.6383, Specificity: 0.5435, PPV: 0.7407, NPV: 0.4237, F1: 0.6857
  Val Best Threshold 0.05 → Balanced Acc: 0.5000, Acc: 0.6571, Sensitivity: 1.0000, Specificity: 0.0000, PPV: 0.6571, NPV: 0.0000, F1: 0.7931
  → New best validation AUC: 0.5290
Epoch 14/50 - Train Loss: 0.6953, Train Acc: 0.6071, Train AUC: 0.6094 - Val Loss: 0.6982, Val Acc (0.5): 0.6571, Val AUC: 0.5471
  Train Best Threshold 0.50 → Balanced Acc: 0.5631, Acc: 0.6071, Sensitivity: 0.6915, Specificity: 0.4348, PPV: 0.7143, NPV: 0.4082, F1: 0.7027
  Val Best Threshold 0.05 → Balanced Acc: 0.5000, Acc: 0.6571, Sensitivity: 1.0000, Specificity: 0.0000, PPV: 0.6571, NPV: 0.0000, F1: 0.7931
  → New best validation AUC: 0.5471
Epoch 15/50 - Train Loss: 0.6827, Train Acc: 0.6786, Train AUC: 0.7572 - Val Loss: 0.6976, Val Acc (0.5): 0.6857, Val AUC: 0.5725
  Train Best Threshold 0.50 → Balanced Acc: 0.6663, Acc: 0.6786, Sensitivity: 0.7021, Specificity: 0.6304, PPV: 0.7952, NPV: 0.5088, F1: 0.7458
  Val Best Threshold 0.50 → Balanced Acc: 0.5417, Acc: 0.6857, Sensitivity: 1.0000, Specificity: 0.0833, PPV: 0.6765, NPV: 1.0000, F1: 0.8070
  → New best validation AUC: 0.5725
Epoch 16/50 - Train Loss: 0.6928, Train Acc: 0.6071, Train AUC: 0.6267 - Val Loss: 0.6978, Val Acc (0.5): 0.6571, Val AUC: 0.5797
  Train Best Threshold 0.50 → Balanced Acc: 0.5742, Acc: 0.6071, Sensitivity: 0.6702, Specificity: 0.4783, PPV: 0.7241, NPV: 0.4151, F1: 0.6961
  Val Best Threshold 0.50 → Balanced Acc: 0.5199, Acc: 0.6571, Sensitivity: 0.9565, Specificity: 0.0833, PPV: 0.6667, NPV: 0.5000, F1: 0.7857
  → New best validation AUC: 0.5797
Epoch 17/50 - Train Loss: 0.6861, Train Acc: 0.6500, Train AUC: 0.6922 - Val Loss: 0.6970, Val Acc (0.5): 0.6571, Val AUC: 0.5870
  Train Best Threshold 0.50 → Balanced Acc: 0.6617, Acc: 0.6500, Sensitivity: 0.6277, Specificity: 0.6957, PPV: 0.8082, NPV: 0.4776, F1: 0.7066
  Val Best Threshold 0.55 → Balanced Acc: 0.5453, Acc: 0.4286, Sensitivity: 0.1739, Specificity: 0.9167, PPV: 0.8000, NPV: 0.3667, F1: 0.2857
  → New best validation AUC: 0.5870
Epoch 18/50 - Train Loss: 0.6913, Train Acc: 0.6286, Train AUC: 0.6568 - Val Loss: 0.6973, Val Acc (0.5): 0.6286, Val AUC: 0.6087
  Train Best Threshold 0.50 → Balanced Acc: 0.6179, Acc: 0.6286, Sensitivity: 0.6489, Specificity: 0.5870, PPV: 0.7625, NPV: 0.4500, F1: 0.7011
  Val Best Threshold 0.55 → Balanced Acc: 0.5870, Acc: 0.4571, Sensitivity: 0.1739, Specificity: 1.0000, PPV: 1.0000, NPV: 0.3871, F1: 0.2963
  → New best validation AUC: 0.6087
Epoch 19/50 - Train Loss: 0.6889, Train Acc: 0.6286, Train AUC: 0.6769 - Val Loss: 0.6982, Val Acc (0.5): 0.6286, Val AUC: 0.5942
  Train Best Threshold 0.50 → Balanced Acc: 0.6179, Acc: 0.6286, Sensitivity: 0.6489, Specificity: 0.5870, PPV: 0.7625, NPV: 0.4500, F1: 0.7011
  Val Best Threshold 0.55 → Balanced Acc: 0.5453, Acc: 0.4286, Sensitivity: 0.1739, Specificity: 0.9167, PPV: 0.8000, NPV: 0.3667, F1: 0.2857
Epoch 20/50 - Train Loss: 0.6871, Train Acc: 0.6286, Train AUC: 0.6910 - Val Loss: 0.6971, Val Acc (0.5): 0.6286, Val AUC: 0.6159
  Train Best Threshold 0.50 → Balanced Acc: 0.6290, Acc: 0.6286, Sensitivity: 0.6277, Specificity: 0.6304, PPV: 0.7763, NPV: 0.4531, F1: 0.6941
  Val Best Threshold 0.55 → Balanced Acc: 0.5453, Acc: 0.4286, Sensitivity: 0.1739, Specificity: 0.9167, PPV: 0.8000, NPV: 0.3667, F1: 0.2857
  → New best validation AUC: 0.6159
Epoch 21/50 - Train Loss: 0.6883, Train Acc: 0.5857, Train AUC: 0.6617 - Val Loss: 0.6964, Val Acc (0.5): 0.6286, Val AUC: 0.6196
  Train Best Threshold 0.50 → Balanced Acc: 0.5971, Acc: 0.5857, Sensitivity: 0.5638, Specificity: 0.6304, PPV: 0.7571, NPV: 0.4143, F1: 0.6463
  Val Best Threshold 0.55 → Balanced Acc: 0.5670, Acc: 0.4571, Sensitivity: 0.2174, Specificity: 0.9167, PPV: 0.8333, NPV: 0.3793, F1: 0.3448
  → New best validation AUC: 0.6196
Epoch 22/50 - Train Loss: 0.6695, Train Acc: 0.7071, Train AUC: 0.7784 - Val Loss: 0.6965, Val Acc (0.5): 0.6286, Val AUC: 0.6232
  Train Best Threshold 0.50 → Balanced Acc: 0.7042, Acc: 0.7071, Sensitivity: 0.7128, Specificity: 0.6957, PPV: 0.8272, NPV: 0.5424, F1: 0.7657
  Val Best Threshold 0.55 → Balanced Acc: 0.5670, Acc: 0.4571, Sensitivity: 0.2174, Specificity: 0.9167, PPV: 0.8333, NPV: 0.3793, F1: 0.3448
  → New best validation AUC: 0.6232
Epoch 23/50 - Train Loss: 0.6844, Train Acc: 0.6286, Train AUC: 0.6776 - Val Loss: 0.6966, Val Acc (0.5): 0.6571, Val AUC: 0.6232
  Train Best Threshold 0.50 → Balanced Acc: 0.6346, Acc: 0.6286, Sensitivity: 0.6170, Specificity: 0.6522, PPV: 0.7838, NPV: 0.4545, F1: 0.6905
  Val Best Threshold 0.55 → Balanced Acc: 0.5670, Acc: 0.4571, Sensitivity: 0.2174, Specificity: 0.9167, PPV: 0.8333, NPV: 0.3793, F1: 0.3448
Epoch 24/50 - Train Loss: 0.6756, Train Acc: 0.6500, Train AUC: 0.7451 - Val Loss: 0.6978, Val Acc (0.5): 0.6857, Val AUC: 0.6413
  Train Best Threshold 0.50 → Balanced Acc: 0.6672, Acc: 0.6500, Sensitivity: 0.6170, Specificity: 0.7174, PPV: 0.8169, NPV: 0.4783, F1: 0.7030
  Val Best Threshold 0.50 → Balanced Acc: 0.6214, Acc: 0.6857, Sensitivity: 0.8261, Specificity: 0.4167, PPV: 0.7308, NPV: 0.5556, F1: 0.7755
  → New best validation AUC: 0.6413
Epoch 25/50 - Train Loss: 0.6768, Train Acc: 0.6143, Train AUC: 0.7387 - Val Loss: 0.6962, Val Acc (0.5): 0.7143, Val AUC: 0.6304
  Train Best Threshold 0.50 → Balanced Acc: 0.6573, Acc: 0.6143, Sensitivity: 0.5319, Specificity: 0.7826, PPV: 0.8333, NPV: 0.4500, F1: 0.6494
  Val Best Threshold 0.50 → Balanced Acc: 0.6431, Acc: 0.7143, Sensitivity: 0.8696, Specificity: 0.4167, PPV: 0.7407, NPV: 0.6250, F1: 0.8000
Epoch 26/50 - Train Loss: 0.6804, Train Acc: 0.5857, Train AUC: 0.6903 - Val Loss: 0.6972, Val Acc (0.5): 0.6286, Val AUC: 0.6341
  Train Best Threshold 0.50 → Balanced Acc: 0.5916, Acc: 0.5857, Sensitivity: 0.5745, Specificity: 0.6087, PPV: 0.7500, NPV: 0.4118, F1: 0.6506
  Val Best Threshold 0.50 → Balanced Acc: 0.5779, Acc: 0.6286, Sensitivity: 0.7391, Specificity: 0.4167, PPV: 0.7083, NPV: 0.4545, F1: 0.7234
Epoch 27/50 - Train Loss: 0.6781, Train Acc: 0.5929, Train AUC: 0.7026 - Val Loss: 0.6951, Val Acc (0.5): 0.6571, Val AUC: 0.6413
  Train Best Threshold 0.50 → Balanced Acc: 0.6413, Acc: 0.5929, Sensitivity: 0.5000, Specificity: 0.7826, PPV: 0.8246, NPV: 0.4337, F1: 0.6225
  Val Best Threshold 0.50 → Balanced Acc: 0.5996, Acc: 0.6571, Sensitivity: 0.7826, Specificity: 0.4167, PPV: 0.7200, NPV: 0.5000, F1: 0.7500
Epoch 28/50 - Train Loss: 0.6713, Train Acc: 0.6357, Train AUC: 0.7877 - Val Loss: 0.6936, Val Acc (0.5): 0.6571, Val AUC: 0.6449
  Train Best Threshold 0.50 → Balanced Acc: 0.6732, Acc: 0.6357, Sensitivity: 0.5638, Specificity: 0.7826, PPV: 0.8413, NPV: 0.4675, F1: 0.6752
  Val Best Threshold 0.50 → Balanced Acc: 0.5996, Acc: 0.6571, Sensitivity: 0.7826, Specificity: 0.4167, PPV: 0.7200, NPV: 0.5000, F1: 0.7500
  → New best validation AUC: 0.6449
Epoch 29/50 - Train Loss: 0.6762, Train Acc: 0.6929, Train AUC: 0.7660 - Val Loss: 0.6928, Val Acc (0.5): 0.6286, Val AUC: 0.6558
  Train Best Threshold 0.50 → Balanced Acc: 0.7324, Acc: 0.6929, Sensitivity: 0.6170, Specificity: 0.8478, PPV: 0.8923, NPV: 0.5200, F1: 0.7296
  Val Best Threshold 0.55 → Balanced Acc: 0.5888, Acc: 0.4857, Sensitivity: 0.2609, Specificity: 0.9167, PPV: 0.8571, NPV: 0.3929, F1: 0.4000
  → New best validation AUC: 0.6558
Epoch 30/50 - Train Loss: 0.6705, Train Acc: 0.6714, Train AUC: 0.7562 - Val Loss: 0.6922, Val Acc (0.5): 0.6571, Val AUC: 0.6522
  Train Best Threshold 0.50 → Balanced Acc: 0.6998, Acc: 0.6714, Sensitivity: 0.6170, Specificity: 0.7826, PPV: 0.8529, NPV: 0.5000, F1: 0.7160
  Val Best Threshold 0.50 → Balanced Acc: 0.5996, Acc: 0.6571, Sensitivity: 0.7826, Specificity: 0.4167, PPV: 0.7200, NPV: 0.5000, F1: 0.7500
Epoch 31/50 - Train Loss: 0.6640, Train Acc: 0.6643, Train AUC: 0.7865 - Val Loss: 0.6906, Val Acc (0.5): 0.6857, Val AUC: 0.6558
  Train Best Threshold 0.50 → Balanced Acc: 0.6889, Acc: 0.6643, Sensitivity: 0.6170, Specificity: 0.7609, PPV: 0.8406, NPV: 0.4930, F1: 0.7117
  Val Best Threshold 0.50 → Balanced Acc: 0.6214, Acc: 0.6857, Sensitivity: 0.8261, Specificity: 0.4167, PPV: 0.7308, NPV: 0.5556, F1: 0.7755
Epoch 32/50 - Train Loss: 0.6589, Train Acc: 0.7214, Train AUC: 0.8032 - Val Loss: 0.6917, Val Acc (0.5): 0.6571, Val AUC: 0.6304
  Train Best Threshold 0.50 → Balanced Acc: 0.7648, Acc: 0.7214, Sensitivity: 0.6383, Specificity: 0.8913, PPV: 0.9231, NPV: 0.5467, F1: 0.7547
  Val Best Threshold 0.50 → Balanced Acc: 0.5996, Acc: 0.6571, Sensitivity: 0.7826, Specificity: 0.4167, PPV: 0.7200, NPV: 0.5000, F1: 0.7500
Epoch 33/50 - Train Loss: 0.6622, Train Acc: 0.6643, Train AUC: 0.7722 - Val Loss: 0.6904, Val Acc (0.5): 0.6571, Val AUC: 0.6268
  Train Best Threshold 0.50 → Balanced Acc: 0.6834, Acc: 0.6643, Sensitivity: 0.6277, Specificity: 0.7391, PPV: 0.8310, NPV: 0.4928, F1: 0.7152
  Val Best Threshold 0.50 → Balanced Acc: 0.5996, Acc: 0.6571, Sensitivity: 0.7826, Specificity: 0.4167, PPV: 0.7200, NPV: 0.5000, F1: 0.7500
Epoch 34/50 - Train Loss: 0.6592, Train Acc: 0.7000, Train AUC: 0.7988 - Val Loss: 0.6897, Val Acc (0.5): 0.6571, Val AUC: 0.6232
  Train Best Threshold 0.50 → Balanced Acc: 0.7322, Acc: 0.7000, Sensitivity: 0.6383, Specificity: 0.8261, PPV: 0.8824, NPV: 0.5278, F1: 0.7407
  Val Best Threshold 0.50 → Balanced Acc: 0.5996, Acc: 0.6571, Sensitivity: 0.7826, Specificity: 0.4167, PPV: 0.7200, NPV: 0.5000, F1: 0.7500
Epoch 35/50 - Train Loss: 0.6524, Train Acc: 0.6429, Train AUC: 0.7930 - Val Loss: 0.6889, Val Acc (0.5): 0.6571, Val AUC: 0.6268
  Train Best Threshold 0.45 → Balanced Acc: 0.6804, Acc: 0.7571, Sensitivity: 0.9043, Specificity: 0.4565, PPV: 0.7727, NPV: 0.7000, F1: 0.8333
  Val Best Threshold 0.50 → Balanced Acc: 0.5996, Acc: 0.6571, Sensitivity: 0.7826, Specificity: 0.4167, PPV: 0.7200, NPV: 0.5000, F1: 0.7500
Epoch 36/50 - Train Loss: 0.6568, Train Acc: 0.6929, Train AUC: 0.7796 - Val Loss: 0.6893, Val Acc (0.5): 0.6571, Val AUC: 0.6304
  Train Best Threshold 0.50 → Balanced Acc: 0.7269, Acc: 0.6929, Sensitivity: 0.6277, Specificity: 0.8261, PPV: 0.8806, NPV: 0.5205, F1: 0.7329
  Val Best Threshold 0.50 → Balanced Acc: 0.5996, Acc: 0.6571, Sensitivity: 0.7826, Specificity: 0.4167, PPV: 0.7200, NPV: 0.5000, F1: 0.7500
Epoch 37/50 - Train Loss: 0.6634, Train Acc: 0.6500, Train AUC: 0.7493 - Val Loss: 0.6892, Val Acc (0.5): 0.6571, Val AUC: 0.6341
  Train Best Threshold 0.50 → Balanced Acc: 0.6728, Acc: 0.6500, Sensitivity: 0.6064, Specificity: 0.7391, PPV: 0.8261, NPV: 0.4789, F1: 0.6994
  Val Best Threshold 0.50 → Balanced Acc: 0.5996, Acc: 0.6571, Sensitivity: 0.7826, Specificity: 0.4167, PPV: 0.7200, NPV: 0.5000, F1: 0.7500
Early stopping at epoch 37
Loaded best model with validation AUC: 0.6558
Final Train Results (Best Model) at epoch 29 - Loss: 0.6631, Accuracy: 0.7214, AUC: 0.8272
Final Val Results (Best Model) at epoch 29 - Loss: 0.6928, Accuracy: 0.6286, AUC: 0.6558
Train Best Threshold: 0.50 | Balanced Acc: 0.7426 | Acc: 0.7214 | Sensitivity: 0.6809 | Specificity: 0.8043 | PPV: 0.8767 | NPV: 0.5522 | F1: 0.7665
Train Confusion Matrix at Best Threshold (rows=actual [0,1], cols=predicted [0,1]):
[[37  9]
 [30 64]]
Val Best Threshold: 0.55 | Balanced Acc: 0.5888 | Acc: 0.4857 | Sensitivity: 0.2609 | Specificity: 0.9167 | PPV: 0.8571 | NPV: 0.3929 | F1: 0.4000
Val Confusion Matrix at Best Threshold (rows=actual [0,1], cols=predicted [0,1]):
[[11  1]
 [17  6]]

======================================================================
Cross-Validation Results - C1 (Mean Pooling)
======================================================================
Model: C1 (Mean Pooling)
Backbone: efficientnetv2_b0
Pooling: mean
Val AUCs: ['0.7992', '0.7879', '0.8442', '0.7862', '0.6558']
Mean Val AUC: 0.7747 ± 0.0631
======================================================================
