Starting 5-fold cross-validation training for C1 (Mean Pooling)
Configuration:
  clinical_csv: data/annotations/175_clinical_5_variables.csv
  image_root: data/nakagami_full
  patient_id_column: NO
  label_column: CL_F2
  image_pattern: Nakagami_image_*.png
  n_folds: 5
  batch_size: 16
  learning_rate: 1e-05
  num_epochs: 50
  early_stopping_patience: 15
  early_stopping_min_delta: 0.001
  backbone: efficientnetv2_b2
  pretrained: True
  device: cuda
  num_workers: 4
  pooling: mean
  attention_hidden: 128
  clinical_dim: 128
  fusion_hidden: 128
  dropout: 0.5
  clinical_features: ['AST', 'ALT', 'PLT', 'APRI', 'FIB_4']
  seed: 42
  no_cv: False
  val_split: 0.2
  weight_decay: 0.0001
  label_smoothing: 0.1
  log_dir: runs/bmode_clinical
Loading clinical data...
Loaded 175 patients from clinical data
Building patient records...
Building patient records from 175 patients...
Image root: data/nakagami_full
Image pattern: Nakagami_image_*.png
Successfully created 175 patient records
Created 175 patient records

Fold 1 Training Cases (140): ['1', '100', '101', '102', '105', '106', '107', '108', '11', '111', '112', '113', '115', '118', '119', '122', '126', '132', '137', '142', '145', '146', '152', '153', '157', '158', '162', '164', '165', '166', '169', '173', '175', '177', '178', '18', '180', '181', '185', '186', '191', '197', '203', '204', '205', '206', '207', '210', '211', '215', '217', '218', '219', '220', '221', '223', '224', '226', '231', '232', '24', '241', '244', '245', '25', '250', '251', '255', '257', '259', '260', '262', '263', '268', '269', '27', '272', '273', '275', '278', '280', '281', '283', '284', '287', '289', '29', '298', '299', '301', '304', '306', '308', '31', '311', '312', '313', '319', '32', '320', '324', '329', '332', '38', '43', '45', '46', '48', '49', '5', '50', '51', '52', '57', '58', '6', '60', '62', '63', '64', '67', '68', '69', '7', '73', '77', '78', '81', '83', '85', '86', '88', '9', '90', '91', '92', '95', '96', '97', '98']
Fold 1 Validation Cases (35): ['104', '110', '114', '123', '129', '135', '144', '154', '163', '192', '253', '254', '258', '26', '264', '274', '276', '292', '300', '303', '307', '310', '331', '37', '4', '40', '53', '55', '65', '8', '80', '87', '89', '93', '99']
Fold 1 class distribution:
  Train: Class 0=47 (33.6%), Class 1=93 (66.4%)
  Val:   Class 0=11 (31.4%), Class 1=24 (68.6%)

======================================================================
Fold 1/5
======================================================================
Train: 140 patients
Val: 35 patients
Fitting clinical preprocessor on training data...
Built clinical feature dictionaries: train=140, val=35
Clinical input dimension: 5
Backbone feature dimension: 1408
Created mean pooling model with backbone efficientnetv2_b2
Using device: cuda
Class weights: [1.0, 0.5053763389587402]
Weight decay (L2 reg): 0.0001
Label smoothing: 0.1

Epoch 1/50 - Train Loss: 0.7046, Train Acc: 0.3286, Train AUC: 0.4615 - Val Loss: 0.6978, Val Acc (0.5): 0.2857, Val AUC: 0.4356
  Train Best Threshold 0.45 → Balanced Acc: 0.5049, Acc: 0.6429, Sensitivity: 0.9247, Specificity: 0.0851, PPV: 0.6667, NPV: 0.3636, F1: 0.7748
  Val Best Threshold 0.05 → Balanced Acc: 0.5000, Acc: 0.6857, Sensitivity: 1.0000, Specificity: 0.0000, PPV: 0.6857, NPV: 0.0000, F1: 0.8136
  → New best validation AUC: 0.4356
Epoch 2/50 - Train Loss: 0.7074, Train Acc: 0.3286, Train AUC: 0.4496 - Val Loss: 0.6980, Val Acc (0.5): 0.3143, Val AUC: 0.4621
  Train Best Threshold 0.05 → Balanced Acc: 0.5000, Acc: 0.6643, Sensitivity: 1.0000, Specificity: 0.0000, PPV: 0.6643, NPV: 0.0000, F1: 0.7983
  Val Best Threshold 0.05 → Balanced Acc: 0.5000, Acc: 0.6857, Sensitivity: 1.0000, Specificity: 0.0000, PPV: 0.6857, NPV: 0.0000, F1: 0.8136
  → New best validation AUC: 0.4621
Epoch 3/50 - Train Loss: 0.7047, Train Acc: 0.4214, Train AUC: 0.4619 - Val Loss: 0.6978, Val Acc (0.5): 0.3143, Val AUC: 0.5303
  Train Best Threshold 0.05 → Balanced Acc: 0.5000, Acc: 0.6643, Sensitivity: 1.0000, Specificity: 0.0000, PPV: 0.6643, NPV: 0.0000, F1: 0.7983
  Val Best Threshold 0.05 → Balanced Acc: 0.5000, Acc: 0.6857, Sensitivity: 1.0000, Specificity: 0.0000, PPV: 0.6857, NPV: 0.0000, F1: 0.8136
  → New best validation AUC: 0.5303
Epoch 4/50 - Train Loss: 0.6961, Train Acc: 0.4929, Train AUC: 0.6138 - Val Loss: 0.6980, Val Acc (0.5): 0.3429, Val AUC: 0.5265
  Train Best Threshold 0.50 → Balanced Acc: 0.5762, Acc: 0.4929, Sensitivity: 0.3226, Specificity: 0.8298, PPV: 0.7895, NPV: 0.3824, F1: 0.4580
  Val Best Threshold 0.50 → Balanced Acc: 0.5208, Acc: 0.3429, Sensitivity: 0.0417, Specificity: 1.0000, PPV: 1.0000, NPV: 0.3235, F1: 0.0800
Epoch 5/50 - Train Loss: 0.6989, Train Acc: 0.4857, Train AUC: 0.5877 - Val Loss: 0.6978, Val Acc (0.5): 0.3429, Val AUC: 0.5568
  Train Best Threshold 0.50 → Balanced Acc: 0.5498, Acc: 0.4857, Sensitivity: 0.3548, Specificity: 0.7447, PPV: 0.7333, NPV: 0.3684, F1: 0.4783
  Val Best Threshold 0.50 → Balanced Acc: 0.5208, Acc: 0.3429, Sensitivity: 0.0417, Specificity: 1.0000, PPV: 1.0000, NPV: 0.3235, F1: 0.0800
  → New best validation AUC: 0.5568
Epoch 6/50 - Train Loss: 0.7004, Train Acc: 0.5214, Train AUC: 0.5367 - Val Loss: 0.6980, Val Acc (0.5): 0.3714, Val AUC: 0.5720
  Train Best Threshold 0.50 → Balanced Acc: 0.5714, Acc: 0.5214, Sensitivity: 0.4194, Specificity: 0.7234, PPV: 0.7500, NPV: 0.3864, F1: 0.5379
  Val Best Threshold 0.50 → Balanced Acc: 0.5417, Acc: 0.3714, Sensitivity: 0.0833, Specificity: 1.0000, PPV: 1.0000, NPV: 0.3333, F1: 0.1538
  → New best validation AUC: 0.5720
Epoch 7/50 - Train Loss: 0.6978, Train Acc: 0.4643, Train AUC: 0.5669 - Val Loss: 0.6969, Val Acc (0.5): 0.3714, Val AUC: 0.5871
  Train Best Threshold 0.50 → Balanced Acc: 0.5231, Acc: 0.4643, Sensitivity: 0.3441, Specificity: 0.7021, PPV: 0.6957, NPV: 0.3511, F1: 0.4604
  Val Best Threshold 0.50 → Balanced Acc: 0.5417, Acc: 0.3714, Sensitivity: 0.0833, Specificity: 1.0000, PPV: 1.0000, NPV: 0.3333, F1: 0.1538
  → New best validation AUC: 0.5871
Epoch 8/50 - Train Loss: 0.6962, Train Acc: 0.4786, Train AUC: 0.6177 - Val Loss: 0.6972, Val Acc (0.5): 0.4000, Val AUC: 0.6212
  Train Best Threshold 0.50 → Balanced Acc: 0.5549, Acc: 0.4786, Sensitivity: 0.3226, Specificity: 0.7872, PPV: 0.7500, NPV: 0.3700, F1: 0.4511
  Val Best Threshold 0.50 → Balanced Acc: 0.5625, Acc: 0.4000, Sensitivity: 0.1250, Specificity: 1.0000, PPV: 1.0000, NPV: 0.3438, F1: 0.2222
  → New best validation AUC: 0.6212
Epoch 9/50 - Train Loss: 0.6907, Train Acc: 0.5214, Train AUC: 0.6474 - Val Loss: 0.6976, Val Acc (0.5): 0.4571, Val AUC: 0.6705
  Train Best Threshold 0.50 → Balanced Acc: 0.5924, Acc: 0.5214, Sensitivity: 0.3763, Specificity: 0.8085, PPV: 0.7955, NPV: 0.3958, F1: 0.5109
  Val Best Threshold 0.50 → Balanced Acc: 0.6042, Acc: 0.4571, Sensitivity: 0.2083, Specificity: 1.0000, PPV: 1.0000, NPV: 0.3667, F1: 0.3448
  → New best validation AUC: 0.6705
Epoch 10/50 - Train Loss: 0.6879, Train Acc: 0.5357, Train AUC: 0.6664 - Val Loss: 0.6969, Val Acc (0.5): 0.5429, Val AUC: 0.6553
  Train Best Threshold 0.50 → Balanced Acc: 0.5874, Acc: 0.5357, Sensitivity: 0.4301, Specificity: 0.7447, PPV: 0.7692, NPV: 0.3977, F1: 0.5517
  Val Best Threshold 0.50 → Balanced Acc: 0.6667, Acc: 0.5429, Sensitivity: 0.3333, Specificity: 1.0000, PPV: 1.0000, NPV: 0.4074, F1: 0.5000
Epoch 11/50 - Train Loss: 0.6876, Train Acc: 0.5357, Train AUC: 0.6655 - Val Loss: 0.6969, Val Acc (0.5): 0.5429, Val AUC: 0.6667
  Train Best Threshold 0.50 → Balanced Acc: 0.6032, Acc: 0.5357, Sensitivity: 0.3978, Specificity: 0.8085, PPV: 0.8043, NPV: 0.4043, F1: 0.5324
  Val Best Threshold 0.50 → Balanced Acc: 0.6420, Acc: 0.5429, Sensitivity: 0.3750, Specificity: 0.9091, PPV: 0.9000, NPV: 0.4000, F1: 0.5294
Epoch 12/50 - Train Loss: 0.6806, Train Acc: 0.6429, Train AUC: 0.7563 - Val Loss: 0.6966, Val Acc (0.5): 0.5143, Val AUC: 0.6629
  Train Best Threshold 0.50 → Balanced Acc: 0.6996, Acc: 0.6429, Sensitivity: 0.5269, Specificity: 0.8723, PPV: 0.8909, NPV: 0.4824, F1: 0.6622
  Val Best Threshold 0.50 → Balanced Acc: 0.6212, Acc: 0.5143, Sensitivity: 0.3333, Specificity: 0.9091, PPV: 0.8889, NPV: 0.3846, F1: 0.4848
Epoch 13/50 - Train Loss: 0.6841, Train Acc: 0.5643, Train AUC: 0.7037 - Val Loss: 0.6974, Val Acc (0.5): 0.5714, Val AUC: 0.6932
  Train Best Threshold 0.50 → Balanced Acc: 0.6352, Acc: 0.5643, Sensitivity: 0.4194, Specificity: 0.8511, PPV: 0.8478, NPV: 0.4255, F1: 0.5612
  Val Best Threshold 0.50 → Balanced Acc: 0.6629, Acc: 0.5714, Sensitivity: 0.4167, Specificity: 0.9091, PPV: 0.9091, NPV: 0.4167, F1: 0.5714
  → New best validation AUC: 0.6932
Epoch 14/50 - Train Loss: 0.6826, Train Acc: 0.6143, Train AUC: 0.7415 - Val Loss: 0.6967, Val Acc (0.5): 0.6000, Val AUC: 0.7045
  Train Best Threshold 0.50 → Balanced Acc: 0.6781, Acc: 0.6143, Sensitivity: 0.4839, Specificity: 0.8723, PPV: 0.8824, NPV: 0.4607, F1: 0.6250
  Val Best Threshold 0.50 → Balanced Acc: 0.6837, Acc: 0.6000, Sensitivity: 0.4583, Specificity: 0.9091, PPV: 0.9167, NPV: 0.4348, F1: 0.6111
  → New best validation AUC: 0.7045
Epoch 15/50 - Train Loss: 0.6835, Train Acc: 0.6000, Train AUC: 0.7099 - Val Loss: 0.6976, Val Acc (0.5): 0.6000, Val AUC: 0.6932
  Train Best Threshold 0.50 → Balanced Acc: 0.6674, Acc: 0.6000, Sensitivity: 0.4624, Specificity: 0.8723, PPV: 0.8776, NPV: 0.4505, F1: 0.6056
  Val Best Threshold 0.50 → Balanced Acc: 0.6837, Acc: 0.6000, Sensitivity: 0.4583, Specificity: 0.9091, PPV: 0.9167, NPV: 0.4348, F1: 0.6111
Epoch 16/50 - Train Loss: 0.6899, Train Acc: 0.6143, Train AUC: 0.6747 - Val Loss: 0.6965, Val Acc (0.5): 0.6000, Val AUC: 0.7008
  Train Best Threshold 0.50 → Balanced Acc: 0.6518, Acc: 0.6143, Sensitivity: 0.5376, Specificity: 0.7660, PPV: 0.8197, NPV: 0.4557, F1: 0.6494
  Val Best Threshold 0.50 → Balanced Acc: 0.6837, Acc: 0.6000, Sensitivity: 0.4583, Specificity: 0.9091, PPV: 0.9167, NPV: 0.4348, F1: 0.6111
Epoch 17/50 - Train Loss: 0.6816, Train Acc: 0.5929, Train AUC: 0.7094 - Val Loss: 0.6969, Val Acc (0.5): 0.6000, Val AUC: 0.7045
  Train Best Threshold 0.50 → Balanced Acc: 0.6409, Acc: 0.5929, Sensitivity: 0.4946, Specificity: 0.7872, PPV: 0.8214, NPV: 0.4405, F1: 0.6174
  Val Best Threshold 0.50 → Balanced Acc: 0.6837, Acc: 0.6000, Sensitivity: 0.4583, Specificity: 0.9091, PPV: 0.9167, NPV: 0.4348, F1: 0.6111
Epoch 18/50 - Train Loss: 0.6792, Train Acc: 0.6286, Train AUC: 0.7403 - Val Loss: 0.6965, Val Acc (0.5): 0.6000, Val AUC: 0.7045
  Train Best Threshold 0.50 → Balanced Acc: 0.6783, Acc: 0.6286, Sensitivity: 0.5269, Specificity: 0.8298, PPV: 0.8596, NPV: 0.4699, F1: 0.6533
  Val Best Threshold 0.50 → Balanced Acc: 0.6591, Acc: 0.6000, Sensitivity: 0.5000, Specificity: 0.8182, PPV: 0.8571, NPV: 0.4286, F1: 0.6316
Epoch 19/50 - Train Loss: 0.6718, Train Acc: 0.6714, Train AUC: 0.7801 - Val Loss: 0.6969, Val Acc (0.5): 0.6571, Val AUC: 0.7083
  Train Best Threshold 0.50 → Balanced Acc: 0.7159, Acc: 0.6714, Sensitivity: 0.5806, Specificity: 0.8511, PPV: 0.8852, NPV: 0.5063, F1: 0.7013
  Val Best Threshold 0.50 → Balanced Acc: 0.7008, Acc: 0.6571, Sensitivity: 0.5833, Specificity: 0.8182, PPV: 0.8750, NPV: 0.4737, F1: 0.7000
  → New best validation AUC: 0.7083
Epoch 20/50 - Train Loss: 0.6752, Train Acc: 0.6071, Train AUC: 0.7493 - Val Loss: 0.6970, Val Acc (0.5): 0.6571, Val AUC: 0.6932
  Train Best Threshold 0.50 → Balanced Acc: 0.6517, Acc: 0.6071, Sensitivity: 0.5161, Specificity: 0.7872, PPV: 0.8276, NPV: 0.4512, F1: 0.6358
  Val Best Threshold 0.50 → Balanced Acc: 0.7008, Acc: 0.6571, Sensitivity: 0.5833, Specificity: 0.8182, PPV: 0.8750, NPV: 0.4737, F1: 0.7000
Epoch 21/50 - Train Loss: 0.6735, Train Acc: 0.6429, Train AUC: 0.7630 - Val Loss: 0.6973, Val Acc (0.5): 0.6857, Val AUC: 0.6856
  Train Best Threshold 0.50 → Balanced Acc: 0.6891, Acc: 0.6429, Sensitivity: 0.5484, Specificity: 0.8298, PPV: 0.8644, NPV: 0.4815, F1: 0.6711
  Val Best Threshold 0.50 → Balanced Acc: 0.7216, Acc: 0.6857, Sensitivity: 0.6250, Specificity: 0.8182, PPV: 0.8824, NPV: 0.5000, F1: 0.7317
Epoch 22/50 - Train Loss: 0.6691, Train Acc: 0.6429, Train AUC: 0.7696 - Val Loss: 0.6960, Val Acc (0.5): 0.6857, Val AUC: 0.6932
  Train Best Threshold 0.50 → Balanced Acc: 0.6891, Acc: 0.6429, Sensitivity: 0.5484, Specificity: 0.8298, PPV: 0.8644, NPV: 0.4815, F1: 0.6711
  Val Best Threshold 0.50 → Balanced Acc: 0.7216, Acc: 0.6857, Sensitivity: 0.6250, Specificity: 0.8182, PPV: 0.8824, NPV: 0.5000, F1: 0.7317
Epoch 23/50 - Train Loss: 0.6786, Train Acc: 0.6286, Train AUC: 0.7268 - Val Loss: 0.6964, Val Acc (0.5): 0.6857, Val AUC: 0.7008
  Train Best Threshold 0.50 → Balanced Acc: 0.6625, Acc: 0.6286, Sensitivity: 0.5591, Specificity: 0.7660, PPV: 0.8254, NPV: 0.4675, F1: 0.6667
  Val Best Threshold 0.50 → Balanced Acc: 0.7216, Acc: 0.6857, Sensitivity: 0.6250, Specificity: 0.8182, PPV: 0.8824, NPV: 0.5000, F1: 0.7317
Epoch 24/50 - Train Loss: 0.6620, Train Acc: 0.6929, Train AUC: 0.8090 - Val Loss: 0.6967, Val Acc (0.5): 0.6571, Val AUC: 0.7083
  Train Best Threshold 0.50 → Balanced Acc: 0.7320, Acc: 0.6929, Sensitivity: 0.6129, Specificity: 0.8511, PPV: 0.8906, NPV: 0.5263, F1: 0.7261
  Val Best Threshold 0.50 → Balanced Acc: 0.6761, Acc: 0.6571, Sensitivity: 0.6250, Specificity: 0.7273, PPV: 0.8333, NPV: 0.4706, F1: 0.7143
Epoch 25/50 - Train Loss: 0.6610, Train Acc: 0.6786, Train AUC: 0.8035 - Val Loss: 0.6963, Val Acc (0.5): 0.6571, Val AUC: 0.7083
  Train Best Threshold 0.50 → Balanced Acc: 0.7054, Acc: 0.6786, Sensitivity: 0.6237, Specificity: 0.7872, PPV: 0.8529, NPV: 0.5139, F1: 0.7205
  Val Best Threshold 0.50 → Balanced Acc: 0.6761, Acc: 0.6571, Sensitivity: 0.6250, Specificity: 0.7273, PPV: 0.8333, NPV: 0.4706, F1: 0.7143
Epoch 26/50 - Train Loss: 0.6543, Train Acc: 0.7071, Train AUC: 0.8232 - Val Loss: 0.6968, Val Acc (0.5): 0.6571, Val AUC: 0.7008
  Train Best Threshold 0.50 → Balanced Acc: 0.7322, Acc: 0.7071, Sensitivity: 0.6559, Specificity: 0.8085, PPV: 0.8714, NPV: 0.5429, F1: 0.7485
  Val Best Threshold 0.50 → Balanced Acc: 0.6761, Acc: 0.6571, Sensitivity: 0.6250, Specificity: 0.7273, PPV: 0.8333, NPV: 0.4706, F1: 0.7143
Epoch 27/50 - Train Loss: 0.6601, Train Acc: 0.6857, Train AUC: 0.8216 - Val Loss: 0.6957, Val Acc (0.5): 0.6571, Val AUC: 0.7197
  Train Best Threshold 0.50 → Balanced Acc: 0.7266, Acc: 0.6857, Sensitivity: 0.6022, Specificity: 0.8511, PPV: 0.8889, NPV: 0.5195, F1: 0.7179
  Val Best Threshold 0.50 → Balanced Acc: 0.6761, Acc: 0.6571, Sensitivity: 0.6250, Specificity: 0.7273, PPV: 0.8333, NPV: 0.4706, F1: 0.7143
  → New best validation AUC: 0.7197
Epoch 28/50 - Train Loss: 0.6622, Train Acc: 0.6786, Train AUC: 0.7870 - Val Loss: 0.6956, Val Acc (0.5): 0.6857, Val AUC: 0.7197
  Train Best Threshold 0.50 → Balanced Acc: 0.7212, Acc: 0.6786, Sensitivity: 0.5914, Specificity: 0.8511, PPV: 0.8871, NPV: 0.5128, F1: 0.7097
  Val Best Threshold 0.50 → Balanced Acc: 0.6970, Acc: 0.6857, Sensitivity: 0.6667, Specificity: 0.7273, PPV: 0.8421, NPV: 0.5000, F1: 0.7442
Epoch 29/50 - Train Loss: 0.6577, Train Acc: 0.7071, Train AUC: 0.8019 - Val Loss: 0.6966, Val Acc (0.5): 0.6857, Val AUC: 0.7235
  Train Best Threshold 0.50 → Balanced Acc: 0.7427, Acc: 0.7071, Sensitivity: 0.6344, Specificity: 0.8511, PPV: 0.8939, NPV: 0.5405, F1: 0.7421
  Val Best Threshold 0.50 → Balanced Acc: 0.6970, Acc: 0.6857, Sensitivity: 0.6667, Specificity: 0.7273, PPV: 0.8421, NPV: 0.5000, F1: 0.7442
  → New best validation AUC: 0.7235
Epoch 30/50 - Train Loss: 0.6543, Train Acc: 0.6571, Train AUC: 0.8129 - Val Loss: 0.6964, Val Acc (0.5): 0.6857, Val AUC: 0.7121
  Train Best Threshold 0.45 → Balanced Acc: 0.7175, Acc: 0.7714, Sensitivity: 0.8817, Specificity: 0.5532, PPV: 0.7961, NPV: 0.7027, F1: 0.8367
  Val Best Threshold 0.50 → Balanced Acc: 0.6970, Acc: 0.6857, Sensitivity: 0.6667, Specificity: 0.7273, PPV: 0.8421, NPV: 0.5000, F1: 0.7442
Epoch 31/50 - Train Loss: 0.6524, Train Acc: 0.6857, Train AUC: 0.8065 - Val Loss: 0.6956, Val Acc (0.5): 0.6571, Val AUC: 0.7235
  Train Best Threshold 0.45 → Balanced Acc: 0.7282, Acc: 0.7857, Sensitivity: 0.9032, Specificity: 0.5532, PPV: 0.8000, NPV: 0.7429, F1: 0.8485
  Val Best Threshold 0.55 → Balanced Acc: 0.6875, Acc: 0.5714, Sensitivity: 0.3750, Specificity: 1.0000, PPV: 1.0000, NPV: 0.4231, F1: 0.5455
Epoch 32/50 - Train Loss: 0.6615, Train Acc: 0.7071, Train AUC: 0.7817 - Val Loss: 0.6955, Val Acc (0.5): 0.6857, Val AUC: 0.7273
  Train Best Threshold 0.50 → Balanced Acc: 0.7427, Acc: 0.7071, Sensitivity: 0.6344, Specificity: 0.8511, PPV: 0.8939, NPV: 0.5405, F1: 0.7421
  Val Best Threshold 0.50 → Balanced Acc: 0.6970, Acc: 0.6857, Sensitivity: 0.6667, Specificity: 0.7273, PPV: 0.8421, NPV: 0.5000, F1: 0.7442
  → New best validation AUC: 0.7273
Epoch 33/50 - Train Loss: 0.6475, Train Acc: 0.7214, Train AUC: 0.8385 - Val Loss: 0.6944, Val Acc (0.5): 0.6571, Val AUC: 0.7424
  Train Best Threshold 0.50 → Balanced Acc: 0.7535, Acc: 0.7214, Sensitivity: 0.6559, Specificity: 0.8511, PPV: 0.8971, NPV: 0.5556, F1: 0.7578
  Val Best Threshold 0.55 → Balanced Acc: 0.6629, Acc: 0.5714, Sensitivity: 0.4167, Specificity: 0.9091, PPV: 0.9091, NPV: 0.4167, F1: 0.5714
  → New best validation AUC: 0.7424
Epoch 34/50 - Train Loss: 0.6547, Train Acc: 0.6357, Train AUC: 0.7975 - Val Loss: 0.6957, Val Acc (0.5): 0.6571, Val AUC: 0.7462
  Train Best Threshold 0.50 → Balanced Acc: 0.6837, Acc: 0.6357, Sensitivity: 0.5376, Specificity: 0.8298, PPV: 0.8621, NPV: 0.4756, F1: 0.6623
  Val Best Threshold 0.55 → Balanced Acc: 0.6629, Acc: 0.5714, Sensitivity: 0.4167, Specificity: 0.9091, PPV: 0.9091, NPV: 0.4167, F1: 0.5714
  → New best validation AUC: 0.7462
Epoch 35/50 - Train Loss: 0.6584, Train Acc: 0.6929, Train AUC: 0.7865 - Val Loss: 0.6955, Val Acc (0.5): 0.6857, Val AUC: 0.7386
  Train Best Threshold 0.50 → Balanced Acc: 0.7320, Acc: 0.6929, Sensitivity: 0.6129, Specificity: 0.8511, PPV: 0.8906, NPV: 0.5263, F1: 0.7261
  Val Best Threshold 0.55 → Balanced Acc: 0.6837, Acc: 0.6000, Sensitivity: 0.4583, Specificity: 0.9091, PPV: 0.9167, NPV: 0.4348, F1: 0.6111
Epoch 36/50 - Train Loss: 0.6513, Train Acc: 0.7071, Train AUC: 0.8113 - Val Loss: 0.6955, Val Acc (0.5): 0.6857, Val AUC: 0.7386
  Train Best Threshold 0.50 → Balanced Acc: 0.7533, Acc: 0.7071, Sensitivity: 0.6129, Specificity: 0.8936, PPV: 0.9194, NPV: 0.5385, F1: 0.7355
  Val Best Threshold 0.55 → Balanced Acc: 0.6837, Acc: 0.6000, Sensitivity: 0.4583, Specificity: 0.9091, PPV: 0.9167, NPV: 0.4348, F1: 0.6111
Epoch 37/50 - Train Loss: 0.6447, Train Acc: 0.7000, Train AUC: 0.8135 - Val Loss: 0.6947, Val Acc (0.5): 0.6571, Val AUC: 0.7386
  Train Best Threshold 0.45 → Balanced Acc: 0.7439, Acc: 0.7786, Sensitivity: 0.8495, Specificity: 0.6383, PPV: 0.8229, NPV: 0.6818, F1: 0.8360
  Val Best Threshold 0.55 → Balanced Acc: 0.6837, Acc: 0.6000, Sensitivity: 0.4583, Specificity: 0.9091, PPV: 0.9167, NPV: 0.4348, F1: 0.6111
Epoch 38/50 - Train Loss: 0.6357, Train Acc: 0.7071, Train AUC: 0.8350 - Val Loss: 0.6948, Val Acc (0.5): 0.6571, Val AUC: 0.7424
  Train Best Threshold 0.45 → Balanced Acc: 0.7494, Acc: 0.7929, Sensitivity: 0.8817, Specificity: 0.6170, PPV: 0.8200, NPV: 0.7250, F1: 0.8497
  Val Best Threshold 0.55 → Balanced Acc: 0.7045, Acc: 0.6286, Sensitivity: 0.5000, Specificity: 0.9091, PPV: 0.9231, NPV: 0.4545, F1: 0.6486
Epoch 39/50 - Train Loss: 0.6421, Train Acc: 0.6786, Train AUC: 0.8229 - Val Loss: 0.6948, Val Acc (0.5): 0.6857, Val AUC: 0.7424
  Train Best Threshold 0.45 → Balanced Acc: 0.7228, Acc: 0.7786, Sensitivity: 0.8925, Specificity: 0.5532, PPV: 0.7981, NPV: 0.7222, F1: 0.8426
  Val Best Threshold 0.55 → Balanced Acc: 0.7254, Acc: 0.6571, Sensitivity: 0.5417, Specificity: 0.9091, PPV: 0.9286, NPV: 0.4762, F1: 0.6842
Epoch 40/50 - Train Loss: 0.6439, Train Acc: 0.7000, Train AUC: 0.7998 - Val Loss: 0.6972, Val Acc (0.5): 0.6857, Val AUC: 0.7424
  Train Best Threshold 0.50 → Balanced Acc: 0.7374, Acc: 0.7000, Sensitivity: 0.6237, Specificity: 0.8511, PPV: 0.8923, NPV: 0.5333, F1: 0.7342
  Val Best Threshold 0.55 → Balanced Acc: 0.7254, Acc: 0.6571, Sensitivity: 0.5417, Specificity: 0.9091, PPV: 0.9286, NPV: 0.4762, F1: 0.6842
Epoch 41/50 - Train Loss: 0.6296, Train Acc: 0.7357, Train AUC: 0.8582 - Val Loss: 0.6989, Val Acc (0.5): 0.6857, Val AUC: 0.7273
  Train Best Threshold 0.50 → Balanced Acc: 0.7800, Acc: 0.7357, Sensitivity: 0.6452, Specificity: 0.9149, PPV: 0.9375, NPV: 0.5658, F1: 0.7643
  Val Best Threshold 0.55 → Balanced Acc: 0.6799, Acc: 0.6286, Sensitivity: 0.5417, Specificity: 0.8182, PPV: 0.8667, NPV: 0.4500, F1: 0.6667
Epoch 42/50 - Train Loss: 0.6381, Train Acc: 0.6714, Train AUC: 0.7982 - Val Loss: 0.7003, Val Acc (0.5): 0.6857, Val AUC: 0.7348
  Train Best Threshold 0.50 → Balanced Acc: 0.7053, Acc: 0.6714, Sensitivity: 0.6022, Specificity: 0.8085, PPV: 0.8615, NPV: 0.5067, F1: 0.7089
  Val Best Threshold 0.55 → Balanced Acc: 0.6799, Acc: 0.6286, Sensitivity: 0.5417, Specificity: 0.8182, PPV: 0.8667, NPV: 0.4500, F1: 0.6667
Epoch 43/50 - Train Loss: 0.6349, Train Acc: 0.7214, Train AUC: 0.8193 - Val Loss: 0.7024, Val Acc (0.5): 0.7143, Val AUC: 0.7348
  Train Best Threshold 0.45 → Balanced Acc: 0.7705, Acc: 0.8000, Sensitivity: 0.8602, Specificity: 0.6809, PPV: 0.8421, NPV: 0.7111, F1: 0.8511
  Val Best Threshold 0.55 → Balanced Acc: 0.6799, Acc: 0.6286, Sensitivity: 0.5417, Specificity: 0.8182, PPV: 0.8667, NPV: 0.4500, F1: 0.6667
Epoch 44/50 - Train Loss: 0.6299, Train Acc: 0.7500, Train AUC: 0.8387 - Val Loss: 0.7013, Val Acc (0.5): 0.7429, Val AUC: 0.7386
  Train Best Threshold 0.50 → Balanced Acc: 0.7908, Acc: 0.7500, Sensitivity: 0.6667, Specificity: 0.9149, PPV: 0.9394, NPV: 0.5811, F1: 0.7799
  Val Best Threshold 0.50 → Balanced Acc: 0.7140, Acc: 0.7429, Sensitivity: 0.7917, Specificity: 0.6364, PPV: 0.8261, NPV: 0.5833, F1: 0.8085
Epoch 45/50 - Train Loss: 0.6372, Train Acc: 0.7214, Train AUC: 0.8149 - Val Loss: 0.7013, Val Acc (0.5): 0.7143, Val AUC: 0.7424
  Train Best Threshold 0.50 → Balanced Acc: 0.7482, Acc: 0.7214, Sensitivity: 0.6667, Specificity: 0.8298, PPV: 0.8857, NPV: 0.5571, F1: 0.7607
  Val Best Threshold 0.60 → Balanced Acc: 0.6875, Acc: 0.5714, Sensitivity: 0.3750, Specificity: 1.0000, PPV: 1.0000, NPV: 0.4231, F1: 0.5455
Epoch 46/50 - Train Loss: 0.6310, Train Acc: 0.7071, Train AUC: 0.8218 - Val Loss: 0.7041, Val Acc (0.5): 0.7143, Val AUC: 0.7386
  Train Best Threshold 0.45 → Balanced Acc: 0.7384, Acc: 0.7643, Sensitivity: 0.8172, Specificity: 0.6596, PPV: 0.8261, NPV: 0.6458, F1: 0.8216
  Val Best Threshold 0.60 → Balanced Acc: 0.6875, Acc: 0.5714, Sensitivity: 0.3750, Specificity: 1.0000, PPV: 1.0000, NPV: 0.4231, F1: 0.5455
Epoch 47/50 - Train Loss: 0.6208, Train Acc: 0.7286, Train AUC: 0.8469 - Val Loss: 0.7010, Val Acc (0.5): 0.6857, Val AUC: 0.7386
  Train Best Threshold 0.45 → Balanced Acc: 0.7812, Acc: 0.8071, Sensitivity: 0.8602, Specificity: 0.7021, PPV: 0.8511, NPV: 0.7174, F1: 0.8556
  Val Best Threshold 0.60 → Balanced Acc: 0.6875, Acc: 0.5714, Sensitivity: 0.3750, Specificity: 1.0000, PPV: 1.0000, NPV: 0.4231, F1: 0.5455
Early stopping at epoch 47
Loaded best model with validation AUC: 0.7462
Final Train Results (Best Model) at epoch 34 - Loss: 0.6427, Accuracy: 0.7071, AUC: 0.8410
Final Val Results (Best Model) at epoch 34 - Loss: 0.6957, Accuracy: 0.6571, AUC: 0.7462
Train Best Threshold: 0.50 | Balanced Acc: 0.7480 | Acc: 0.7071 | Sensitivity: 0.6237 | Specificity: 0.8723 | PPV: 0.9062 | NPV: 0.5395 | F1: 0.7389
Train Confusion Matrix at Best Threshold (rows=actual [0,1], cols=predicted [0,1]):
[[41  6]
 [35 58]]
Val Best Threshold: 0.55 | Balanced Acc: 0.6629 | Acc: 0.5714 | Sensitivity: 0.4167 | Specificity: 0.9091 | PPV: 0.9091 | NPV: 0.4167 | F1: 0.5714
Val Confusion Matrix at Best Threshold (rows=actual [0,1], cols=predicted [0,1]):
[[10  1]
 [14 10]]

Fold 2 Training Cases (140): ['100', '102', '104', '106', '107', '11', '110', '111', '112', '114', '115', '118', '122', '123', '129', '132', '135', '137', '142', '144', '146', '153', '154', '157', '158', '162', '163', '164', '165', '166', '173', '177', '178', '18', '180', '185', '191', '192', '197', '204', '205', '207', '210', '211', '215', '217', '218', '219', '220', '221', '224', '226', '231', '232', '24', '241', '244', '251', '253', '254', '257', '258', '259', '26', '260', '262', '264', '268', '269', '272', '273', '274', '275', '276', '278', '280', '281', '283', '287', '289', '292', '298', '299', '300', '301', '303', '304', '306', '307', '308', '31', '310', '311', '312', '313', '319', '32', '320', '324', '329', '331', '332', '37', '38', '4', '40', '43', '45', '46', '48', '49', '5', '50', '51', '52', '53', '55', '58', '6', '63', '64', '65', '67', '68', '69', '77', '8', '80', '83', '85', '87', '88', '89', '9', '90', '92', '93', '95', '96', '99']
Fold 2 Validation Cases (35): ['1', '101', '105', '108', '113', '119', '126', '145', '152', '169', '175', '181', '186', '203', '206', '223', '245', '25', '250', '255', '263', '27', '284', '29', '57', '60', '62', '7', '73', '78', '81', '86', '91', '97', '98']
Fold 2 class distribution:
  Train: Class 0=47 (33.6%), Class 1=93 (66.4%)
  Val:   Class 0=11 (31.4%), Class 1=24 (68.6%)

======================================================================
Fold 2/5
======================================================================
Train: 140 patients
Val: 35 patients
Fitting clinical preprocessor on training data...
Built clinical feature dictionaries: train=140, val=35
Clinical input dimension: 5
Backbone feature dimension: 1408
Created mean pooling model with backbone efficientnetv2_b2
Using device: cuda
Class weights: [1.0, 0.5053763389587402]
Weight decay (L2 reg): 0.0001
Label smoothing: 0.1

Epoch 1/50 - Train Loss: 0.7047, Train Acc: 0.3857, Train AUC: 0.4793 - Val Loss: 0.6919, Val Acc (0.5): 0.3143, Val AUC: 0.4697
  Train Best Threshold 0.55 → Balanced Acc: 0.5054, Acc: 0.3429, Sensitivity: 0.0108, Specificity: 1.0000, PPV: 1.0000, NPV: 0.3381, F1: 0.0213
  Val Best Threshold 0.05 → Balanced Acc: 0.5000, Acc: 0.6857, Sensitivity: 1.0000, Specificity: 0.0000, PPV: 0.6857, NPV: 0.0000, F1: 0.8136
  → New best validation AUC: 0.4697
Epoch 2/50 - Train Loss: 0.7009, Train Acc: 0.3857, Train AUC: 0.5287 - Val Loss: 0.6909, Val Acc (0.5): 0.3143, Val AUC: 0.4621
  Train Best Threshold 0.45 → Balanced Acc: 0.5101, Acc: 0.6357, Sensitivity: 0.8925, Specificity: 0.1277, PPV: 0.6694, NPV: 0.3750, F1: 0.7650
  Val Best Threshold 0.05 → Balanced Acc: 0.5000, Acc: 0.6857, Sensitivity: 1.0000, Specificity: 0.0000, PPV: 0.6857, NPV: 0.0000, F1: 0.8136
Epoch 3/50 - Train Loss: 0.7020, Train Acc: 0.4429, Train AUC: 0.5157 - Val Loss: 0.6901, Val Acc (0.5): 0.3143, Val AUC: 0.4621
  Train Best Threshold 0.50 → Balanced Acc: 0.5280, Acc: 0.4429, Sensitivity: 0.2688, Specificity: 0.7872, PPV: 0.7143, NPV: 0.3524, F1: 0.3906
  Val Best Threshold 0.05 → Balanced Acc: 0.5000, Acc: 0.6857, Sensitivity: 1.0000, Specificity: 0.0000, PPV: 0.6857, NPV: 0.0000, F1: 0.8136
Epoch 4/50 - Train Loss: 0.6980, Train Acc: 0.4714, Train AUC: 0.5873 - Val Loss: 0.6894, Val Acc (0.5): 0.3143, Val AUC: 0.4735
  Train Best Threshold 0.50 → Balanced Acc: 0.5706, Acc: 0.4714, Sensitivity: 0.2688, Specificity: 0.8723, PPV: 0.8065, NPV: 0.3761, F1: 0.4032
  Val Best Threshold 0.05 → Balanced Acc: 0.5000, Acc: 0.6857, Sensitivity: 1.0000, Specificity: 0.0000, PPV: 0.6857, NPV: 0.0000, F1: 0.8136
  → New best validation AUC: 0.4735
Epoch 5/50 - Train Loss: 0.6993, Train Acc: 0.4357, Train AUC: 0.5129 - Val Loss: 0.6900, Val Acc (0.5): 0.3143, Val AUC: 0.5379
  Train Best Threshold 0.45 → Balanced Acc: 0.5157, Acc: 0.6571, Sensitivity: 0.9462, Specificity: 0.0851, PPV: 0.6718, NPV: 0.4444, F1: 0.7857
  Val Best Threshold 0.05 → Balanced Acc: 0.5000, Acc: 0.6857, Sensitivity: 1.0000, Specificity: 0.0000, PPV: 0.6857, NPV: 0.0000, F1: 0.8136
  → New best validation AUC: 0.5379
Epoch 6/50 - Train Loss: 0.6944, Train Acc: 0.4714, Train AUC: 0.6294 - Val Loss: 0.6890, Val Acc (0.5): 0.3143, Val AUC: 0.5530
  Train Best Threshold 0.50 → Balanced Acc: 0.5495, Acc: 0.4714, Sensitivity: 0.3118, Specificity: 0.7872, PPV: 0.7436, NPV: 0.3663, F1: 0.4394
  Val Best Threshold 0.05 → Balanced Acc: 0.5000, Acc: 0.6857, Sensitivity: 1.0000, Specificity: 0.0000, PPV: 0.6857, NPV: 0.0000, F1: 0.8136
  → New best validation AUC: 0.5530
Epoch 7/50 - Train Loss: 0.6976, Train Acc: 0.4500, Train AUC: 0.5653 - Val Loss: 0.6885, Val Acc (0.5): 0.3143, Val AUC: 0.5568
  Train Best Threshold 0.45 → Balanced Acc: 0.5849, Acc: 0.7071, Sensitivity: 0.9570, Specificity: 0.2128, PPV: 0.7063, NPV: 0.7143, F1: 0.8128
  Val Best Threshold 0.05 → Balanced Acc: 0.5000, Acc: 0.6857, Sensitivity: 1.0000, Specificity: 0.0000, PPV: 0.6857, NPV: 0.0000, F1: 0.8136
  → New best validation AUC: 0.5568
Epoch 8/50 - Train Loss: 0.6987, Train Acc: 0.4214, Train AUC: 0.5653 - Val Loss: 0.6868, Val Acc (0.5): 0.3143, Val AUC: 0.5947
  Train Best Threshold 0.55 → Balanced Acc: 0.5108, Acc: 0.3500, Sensitivity: 0.0215, Specificity: 1.0000, PPV: 1.0000, NPV: 0.3406, F1: 0.0421
  Val Best Threshold 0.05 → Balanced Acc: 0.5000, Acc: 0.6857, Sensitivity: 1.0000, Specificity: 0.0000, PPV: 0.6857, NPV: 0.0000, F1: 0.8136
  → New best validation AUC: 0.5947
Epoch 9/50 - Train Loss: 0.6894, Train Acc: 0.5500, Train AUC: 0.6708 - Val Loss: 0.6868, Val Acc (0.5): 0.3429, Val AUC: 0.5985
  Train Best Threshold 0.50 → Balanced Acc: 0.6034, Acc: 0.5500, Sensitivity: 0.4409, Specificity: 0.7660, PPV: 0.7885, NPV: 0.4091, F1: 0.5655
  Val Best Threshold 0.50 → Balanced Acc: 0.5208, Acc: 0.3429, Sensitivity: 0.0417, Specificity: 1.0000, PPV: 1.0000, NPV: 0.3235, F1: 0.0800
  → New best validation AUC: 0.5985
Epoch 10/50 - Train Loss: 0.6942, Train Acc: 0.5571, Train AUC: 0.6504 - Val Loss: 0.6865, Val Acc (0.5): 0.4000, Val AUC: 0.6250
  Train Best Threshold 0.50 → Balanced Acc: 0.6456, Acc: 0.5571, Sensitivity: 0.3763, Specificity: 0.9149, PPV: 0.8974, NPV: 0.4257, F1: 0.5303
  Val Best Threshold 0.50 → Balanced Acc: 0.5625, Acc: 0.4000, Sensitivity: 0.1250, Specificity: 1.0000, PPV: 1.0000, NPV: 0.3438, F1: 0.2222
  → New best validation AUC: 0.6250
Epoch 11/50 - Train Loss: 0.6878, Train Acc: 0.5643, Train AUC: 0.6941 - Val Loss: 0.6848, Val Acc (0.5): 0.4286, Val AUC: 0.6629
  Train Best Threshold 0.50 → Balanced Acc: 0.6405, Acc: 0.5643, Sensitivity: 0.4086, Specificity: 0.8723, PPV: 0.8636, NPV: 0.4271, F1: 0.5547
  Val Best Threshold 0.50 → Balanced Acc: 0.5833, Acc: 0.4286, Sensitivity: 0.1667, Specificity: 1.0000, PPV: 1.0000, NPV: 0.3548, F1: 0.2857
  → New best validation AUC: 0.6629
Epoch 12/50 - Train Loss: 0.6889, Train Acc: 0.5500, Train AUC: 0.6589 - Val Loss: 0.6849, Val Acc (0.5): 0.4571, Val AUC: 0.6515
  Train Best Threshold 0.50 → Balanced Acc: 0.6087, Acc: 0.5500, Sensitivity: 0.4301, Specificity: 0.7872, PPV: 0.8000, NPV: 0.4111, F1: 0.5594
  Val Best Threshold 0.50 → Balanced Acc: 0.6042, Acc: 0.4571, Sensitivity: 0.2083, Specificity: 1.0000, PPV: 1.0000, NPV: 0.3667, F1: 0.3448
Epoch 13/50 - Train Loss: 0.6888, Train Acc: 0.5786, Train AUC: 0.6747 - Val Loss: 0.6829, Val Acc (0.5): 0.4571, Val AUC: 0.6932
  Train Best Threshold 0.50 → Balanced Acc: 0.6512, Acc: 0.5786, Sensitivity: 0.4301, Specificity: 0.8723, PPV: 0.8696, NPV: 0.4362, F1: 0.5755
  Val Best Threshold 0.50 → Balanced Acc: 0.6042, Acc: 0.4571, Sensitivity: 0.2083, Specificity: 1.0000, PPV: 1.0000, NPV: 0.3667, F1: 0.3448
  → New best validation AUC: 0.6932
Epoch 14/50 - Train Loss: 0.6827, Train Acc: 0.5857, Train AUC: 0.7275 - Val Loss: 0.6819, Val Acc (0.5): 0.4571, Val AUC: 0.6742
  Train Best Threshold 0.50 → Balanced Acc: 0.6566, Acc: 0.5857, Sensitivity: 0.4409, Specificity: 0.8723, PPV: 0.8723, NPV: 0.4409, F1: 0.5857
  Val Best Threshold 0.50 → Balanced Acc: 0.6042, Acc: 0.4571, Sensitivity: 0.2083, Specificity: 1.0000, PPV: 1.0000, NPV: 0.3667, F1: 0.3448
Epoch 15/50 - Train Loss: 0.6852, Train Acc: 0.5714, Train AUC: 0.6818 - Val Loss: 0.6815, Val Acc (0.5): 0.4857, Val AUC: 0.6932
  Train Best Threshold 0.50 → Balanced Acc: 0.6248, Acc: 0.5714, Sensitivity: 0.4624, Specificity: 0.7872, PPV: 0.8113, NPV: 0.4253, F1: 0.5890
  Val Best Threshold 0.50 → Balanced Acc: 0.6250, Acc: 0.4857, Sensitivity: 0.2500, Specificity: 1.0000, PPV: 1.0000, NPV: 0.3793, F1: 0.4000
Epoch 16/50 - Train Loss: 0.6783, Train Acc: 0.6357, Train AUC: 0.7628 - Val Loss: 0.6809, Val Acc (0.5): 0.4571, Val AUC: 0.6894
  Train Best Threshold 0.50 → Balanced Acc: 0.6890, Acc: 0.6357, Sensitivity: 0.5269, Specificity: 0.8511, PPV: 0.8750, NPV: 0.4762, F1: 0.6577
  Val Best Threshold 0.45 → Balanced Acc: 0.6193, Acc: 0.7143, Sensitivity: 0.8750, Specificity: 0.3636, PPV: 0.7500, NPV: 0.5714, F1: 0.8077
Epoch 17/50 - Train Loss: 0.6802, Train Acc: 0.6214, Train AUC: 0.7197 - Val Loss: 0.6800, Val Acc (0.5): 0.4571, Val AUC: 0.7235
  Train Best Threshold 0.50 → Balanced Acc: 0.6730, Acc: 0.6214, Sensitivity: 0.5161, Specificity: 0.8298, PPV: 0.8571, NPV: 0.4643, F1: 0.6443
  Val Best Threshold 0.45 → Balanced Acc: 0.6193, Acc: 0.7143, Sensitivity: 0.8750, Specificity: 0.3636, PPV: 0.7500, NPV: 0.5714, F1: 0.8077
  → New best validation AUC: 0.7235
Epoch 18/50 - Train Loss: 0.6845, Train Acc: 0.5571, Train AUC: 0.6776 - Val Loss: 0.6793, Val Acc (0.5): 0.4857, Val AUC: 0.7235
  Train Best Threshold 0.50 → Balanced Acc: 0.6140, Acc: 0.5571, Sensitivity: 0.4409, Specificity: 0.7872, PPV: 0.8039, NPV: 0.4157, F1: 0.5694
  Val Best Threshold 0.50 → Balanced Acc: 0.6004, Acc: 0.4857, Sensitivity: 0.2917, Specificity: 0.9091, PPV: 0.8750, NPV: 0.3704, F1: 0.4375
Epoch 19/50 - Train Loss: 0.6719, Train Acc: 0.6571, Train AUC: 0.7817 - Val Loss: 0.6804, Val Acc (0.5): 0.5143, Val AUC: 0.7159
  Train Best Threshold 0.50 → Balanced Acc: 0.7104, Acc: 0.6571, Sensitivity: 0.5484, Specificity: 0.8723, PPV: 0.8947, NPV: 0.4940, F1: 0.6800
  Val Best Threshold 0.50 → Balanced Acc: 0.6212, Acc: 0.5143, Sensitivity: 0.3333, Specificity: 0.9091, PPV: 0.8889, NPV: 0.3846, F1: 0.4848
Epoch 20/50 - Train Loss: 0.6683, Train Acc: 0.6857, Train AUC: 0.7827 - Val Loss: 0.6795, Val Acc (0.5): 0.5429, Val AUC: 0.7273
  Train Best Threshold 0.50 → Balanced Acc: 0.7266, Acc: 0.6857, Sensitivity: 0.6022, Specificity: 0.8511, PPV: 0.8889, NPV: 0.5195, F1: 0.7179
  Val Best Threshold 0.50 → Balanced Acc: 0.6420, Acc: 0.5429, Sensitivity: 0.3750, Specificity: 0.9091, PPV: 0.9000, NPV: 0.4000, F1: 0.5294
  → New best validation AUC: 0.7273
Epoch 21/50 - Train Loss: 0.6670, Train Acc: 0.7000, Train AUC: 0.8142 - Val Loss: 0.6791, Val Acc (0.5): 0.5714, Val AUC: 0.7348
  Train Best Threshold 0.50 → Balanced Acc: 0.7531, Acc: 0.7000, Sensitivity: 0.5914, Specificity: 0.9149, PPV: 0.9322, NPV: 0.5309, F1: 0.7237
  Val Best Threshold 0.50 → Balanced Acc: 0.6383, Acc: 0.5714, Sensitivity: 0.4583, Specificity: 0.8182, PPV: 0.8462, NPV: 0.4091, F1: 0.5946
  → New best validation AUC: 0.7348
Epoch 22/50 - Train Loss: 0.6688, Train Acc: 0.6214, Train AUC: 0.7536 - Val Loss: 0.6784, Val Acc (0.5): 0.5714, Val AUC: 0.7311
  Train Best Threshold 0.50 → Balanced Acc: 0.6782, Acc: 0.6214, Sensitivity: 0.5054, Specificity: 0.8511, PPV: 0.8704, NPV: 0.4651, F1: 0.6395
  Val Best Threshold 0.50 → Balanced Acc: 0.6383, Acc: 0.5714, Sensitivity: 0.4583, Specificity: 0.8182, PPV: 0.8462, NPV: 0.4091, F1: 0.5946
Epoch 23/50 - Train Loss: 0.6763, Train Acc: 0.6071, Train AUC: 0.7412 - Val Loss: 0.6779, Val Acc (0.5): 0.6000, Val AUC: 0.7348
  Train Best Threshold 0.45 → Balanced Acc: 0.6696, Acc: 0.7429, Sensitivity: 0.8925, Specificity: 0.4468, PPV: 0.7615, NPV: 0.6774, F1: 0.8218
  Val Best Threshold 0.50 → Balanced Acc: 0.6591, Acc: 0.6000, Sensitivity: 0.5000, Specificity: 0.8182, PPV: 0.8571, NPV: 0.4286, F1: 0.6316
Epoch 24/50 - Train Loss: 0.6700, Train Acc: 0.6143, Train AUC: 0.7689 - Val Loss: 0.6767, Val Acc (0.5): 0.6000, Val AUC: 0.7424
  Train Best Threshold 0.50 → Balanced Acc: 0.6781, Acc: 0.6143, Sensitivity: 0.4839, Specificity: 0.8723, PPV: 0.8824, NPV: 0.4607, F1: 0.6250
  Val Best Threshold 0.50 → Balanced Acc: 0.6591, Acc: 0.6000, Sensitivity: 0.5000, Specificity: 0.8182, PPV: 0.8571, NPV: 0.4286, F1: 0.6316
  → New best validation AUC: 0.7424
Epoch 25/50 - Train Loss: 0.6701, Train Acc: 0.6643, Train AUC: 0.7650 - Val Loss: 0.6756, Val Acc (0.5): 0.6286, Val AUC: 0.7500
  Train Best Threshold 0.50 → Balanced Acc: 0.7000, Acc: 0.6643, Sensitivity: 0.5914, Specificity: 0.8085, PPV: 0.8594, NPV: 0.5000, F1: 0.7006
  Val Best Threshold 0.50 → Balanced Acc: 0.6799, Acc: 0.6286, Sensitivity: 0.5417, Specificity: 0.8182, PPV: 0.8667, NPV: 0.4500, F1: 0.6667
  → New best validation AUC: 0.7500
Epoch 26/50 - Train Loss: 0.6568, Train Acc: 0.7071, Train AUC: 0.8257 - Val Loss: 0.6764, Val Acc (0.5): 0.6286, Val AUC: 0.7348
  Train Best Threshold 0.50 → Balanced Acc: 0.7533, Acc: 0.7071, Sensitivity: 0.6129, Specificity: 0.8936, PPV: 0.9194, NPV: 0.5385, F1: 0.7355
  Val Best Threshold 0.50 → Balanced Acc: 0.6799, Acc: 0.6286, Sensitivity: 0.5417, Specificity: 0.8182, PPV: 0.8667, NPV: 0.4500, F1: 0.6667
Epoch 27/50 - Train Loss: 0.6696, Train Acc: 0.6286, Train AUC: 0.7509 - Val Loss: 0.6747, Val Acc (0.5): 0.6286, Val AUC: 0.7462
  Train Best Threshold 0.50 → Balanced Acc: 0.6731, Acc: 0.6286, Sensitivity: 0.5376, Specificity: 0.8085, PPV: 0.8475, NPV: 0.4691, F1: 0.6579
  Val Best Threshold 0.50 → Balanced Acc: 0.6799, Acc: 0.6286, Sensitivity: 0.5417, Specificity: 0.8182, PPV: 0.8667, NPV: 0.4500, F1: 0.6667
Epoch 28/50 - Train Loss: 0.6701, Train Acc: 0.6643, Train AUC: 0.7621 - Val Loss: 0.6741, Val Acc (0.5): 0.6286, Val AUC: 0.7424
  Train Best Threshold 0.50 → Balanced Acc: 0.7052, Acc: 0.6643, Sensitivity: 0.5806, Specificity: 0.8298, PPV: 0.8710, NPV: 0.5000, F1: 0.6968
  Val Best Threshold 0.50 → Balanced Acc: 0.6799, Acc: 0.6286, Sensitivity: 0.5417, Specificity: 0.8182, PPV: 0.8667, NPV: 0.4500, F1: 0.6667
Epoch 29/50 - Train Loss: 0.6595, Train Acc: 0.7071, Train AUC: 0.7859 - Val Loss: 0.6737, Val Acc (0.5): 0.6286, Val AUC: 0.7424
  Train Best Threshold 0.50 → Balanced Acc: 0.7375, Acc: 0.7071, Sensitivity: 0.6452, Specificity: 0.8298, PPV: 0.8824, NPV: 0.5417, F1: 0.7453
  Val Best Threshold 0.50 → Balanced Acc: 0.6799, Acc: 0.6286, Sensitivity: 0.5417, Specificity: 0.8182, PPV: 0.8667, NPV: 0.4500, F1: 0.6667
Epoch 30/50 - Train Loss: 0.6594, Train Acc: 0.6714, Train AUC: 0.8010 - Val Loss: 0.6738, Val Acc (0.5): 0.6286, Val AUC: 0.7386
  Train Best Threshold 0.50 → Balanced Acc: 0.7106, Acc: 0.6714, Sensitivity: 0.5914, Specificity: 0.8298, PPV: 0.8730, NPV: 0.5065, F1: 0.7051
  Val Best Threshold 0.50 → Balanced Acc: 0.6799, Acc: 0.6286, Sensitivity: 0.5417, Specificity: 0.8182, PPV: 0.8667, NPV: 0.4500, F1: 0.6667
Epoch 31/50 - Train Loss: 0.6567, Train Acc: 0.6929, Train AUC: 0.7936 - Val Loss: 0.6740, Val Acc (0.5): 0.6571, Val AUC: 0.7311
  Train Best Threshold 0.50 → Balanced Acc: 0.7320, Acc: 0.6929, Sensitivity: 0.6129, Specificity: 0.8511, PPV: 0.8906, NPV: 0.5263, F1: 0.7261
  Val Best Threshold 0.50 → Balanced Acc: 0.7008, Acc: 0.6571, Sensitivity: 0.5833, Specificity: 0.8182, PPV: 0.8750, NPV: 0.4737, F1: 0.7000
Epoch 32/50 - Train Loss: 0.6474, Train Acc: 0.7214, Train AUC: 0.8268 - Val Loss: 0.6728, Val Acc (0.5): 0.6571, Val AUC: 0.7348
  Train Best Threshold 0.50 → Balanced Acc: 0.7640, Acc: 0.7214, Sensitivity: 0.6344, Specificity: 0.8936, PPV: 0.9219, NPV: 0.5526, F1: 0.7516
  Val Best Threshold 0.50 → Balanced Acc: 0.7008, Acc: 0.6571, Sensitivity: 0.5833, Specificity: 0.8182, PPV: 0.8750, NPV: 0.4737, F1: 0.7000
Epoch 33/50 - Train Loss: 0.6480, Train Acc: 0.7143, Train AUC: 0.8266 - Val Loss: 0.6719, Val Acc (0.5): 0.6571, Val AUC: 0.7348
  Train Best Threshold 0.50 → Balanced Acc: 0.7481, Acc: 0.7143, Sensitivity: 0.6452, Specificity: 0.8511, PPV: 0.8955, NPV: 0.5479, F1: 0.7500
  Val Best Threshold 0.50 → Balanced Acc: 0.7008, Acc: 0.6571, Sensitivity: 0.5833, Specificity: 0.8182, PPV: 0.8750, NPV: 0.4737, F1: 0.7000
Epoch 34/50 - Train Loss: 0.6552, Train Acc: 0.6929, Train AUC: 0.8021 - Val Loss: 0.6702, Val Acc (0.5): 0.6571, Val AUC: 0.7424
  Train Best Threshold 0.50 → Balanced Acc: 0.7320, Acc: 0.6929, Sensitivity: 0.6129, Specificity: 0.8511, PPV: 0.8906, NPV: 0.5263, F1: 0.7261
  Val Best Threshold 0.50 → Balanced Acc: 0.7008, Acc: 0.6571, Sensitivity: 0.5833, Specificity: 0.8182, PPV: 0.8750, NPV: 0.4737, F1: 0.7000
Epoch 35/50 - Train Loss: 0.6537, Train Acc: 0.6571, Train AUC: 0.7902 - Val Loss: 0.6690, Val Acc (0.5): 0.6286, Val AUC: 0.7424
  Train Best Threshold 0.50 → Balanced Acc: 0.6998, Acc: 0.6571, Sensitivity: 0.5699, Specificity: 0.8298, PPV: 0.8689, NPV: 0.4937, F1: 0.6883
  Val Best Threshold 0.50 → Balanced Acc: 0.6799, Acc: 0.6286, Sensitivity: 0.5417, Specificity: 0.8182, PPV: 0.8667, NPV: 0.4500, F1: 0.6667
Epoch 36/50 - Train Loss: 0.6571, Train Acc: 0.7143, Train AUC: 0.7870 - Val Loss: 0.6689, Val Acc (0.5): 0.6857, Val AUC: 0.7462
  Train Best Threshold 0.50 → Balanced Acc: 0.7481, Acc: 0.7143, Sensitivity: 0.6452, Specificity: 0.8511, PPV: 0.8955, NPV: 0.5479, F1: 0.7500
  Val Best Threshold 0.50 → Balanced Acc: 0.7216, Acc: 0.6857, Sensitivity: 0.6250, Specificity: 0.8182, PPV: 0.8824, NPV: 0.5000, F1: 0.7317
Epoch 37/50 - Train Loss: 0.6430, Train Acc: 0.7429, Train AUC: 0.8302 - Val Loss: 0.6682, Val Acc (0.5): 0.6857, Val AUC: 0.7462
  Train Best Threshold 0.50 → Balanced Acc: 0.7749, Acc: 0.7429, Sensitivity: 0.6774, Specificity: 0.8723, PPV: 0.9130, NPV: 0.5775, F1: 0.7778
  Val Best Threshold 0.50 → Balanced Acc: 0.7216, Acc: 0.6857, Sensitivity: 0.6250, Specificity: 0.8182, PPV: 0.8824, NPV: 0.5000, F1: 0.7317
Epoch 38/50 - Train Loss: 0.6464, Train Acc: 0.7143, Train AUC: 0.7968 - Val Loss: 0.6689, Val Acc (0.5): 0.7143, Val AUC: 0.7386
  Train Best Threshold 0.50 → Balanced Acc: 0.7323, Acc: 0.7143, Sensitivity: 0.6774, Specificity: 0.7872, PPV: 0.8630, NPV: 0.5522, F1: 0.7590
  Val Best Threshold 0.50 → Balanced Acc: 0.7424, Acc: 0.7143, Sensitivity: 0.6667, Specificity: 0.8182, PPV: 0.8889, NPV: 0.5294, F1: 0.7619
Early stopping at epoch 38
Loaded best model with validation AUC: 0.7500
Final Train Results (Best Model) at epoch 25 - Loss: 0.6585, Accuracy: 0.6857, AUC: 0.8421
Final Val Results (Best Model) at epoch 25 - Loss: 0.6756, Accuracy: 0.6286, AUC: 0.7500
Train Best Threshold: 0.50 | Balanced Acc: 0.7424 | Acc: 0.6857 | Sensitivity: 0.5699 | Specificity: 0.9149 | PPV: 0.9298 | NPV: 0.5181 | F1: 0.7067
Train Confusion Matrix at Best Threshold (rows=actual [0,1], cols=predicted [0,1]):
[[43  4]
 [40 53]]
Val Best Threshold: 0.50 | Balanced Acc: 0.6799 | Acc: 0.6286 | Sensitivity: 0.5417 | Specificity: 0.8182 | PPV: 0.8667 | NPV: 0.4500 | F1: 0.6667
Val Confusion Matrix at Best Threshold (rows=actual [0,1], cols=predicted [0,1]):
[[ 9  2]
 [11 13]]

Fold 3 Training Cases (140): ['1', '101', '104', '105', '107', '108', '11', '110', '111', '112', '113', '114', '115', '119', '122', '123', '126', '129', '132', '135', '144', '145', '146', '152', '153', '154', '157', '158', '162', '163', '166', '169', '175', '177', '18', '180', '181', '185', '186', '191', '192', '203', '206', '207', '210', '211', '215', '217', '218', '220', '223', '224', '231', '232', '24', '244', '245', '25', '250', '251', '253', '254', '255', '257', '258', '259', '26', '263', '264', '268', '269', '27', '272', '274', '276', '278', '280', '283', '284', '287', '289', '29', '292', '298', '299', '300', '301', '303', '306', '307', '308', '31', '310', '312', '313', '319', '32', '320', '329', '331', '37', '38', '4', '40', '43', '46', '48', '49', '5', '51', '52', '53', '55', '57', '60', '62', '65', '67', '69', '7', '73', '77', '78', '8', '80', '81', '83', '86', '87', '88', '89', '9', '90', '91', '92', '93', '95', '97', '98', '99']
Fold 3 Validation Cases (35): ['100', '102', '106', '118', '137', '142', '164', '165', '173', '178', '197', '204', '205', '219', '221', '226', '241', '260', '262', '273', '275', '281', '304', '311', '324', '332', '45', '50', '58', '6', '63', '64', '68', '85', '96']
Fold 3 class distribution:
  Train: Class 0=46 (32.9%), Class 1=94 (67.1%)
  Val:   Class 0=12 (34.3%), Class 1=23 (65.7%)

======================================================================
Fold 3/5
======================================================================
Train: 140 patients
Val: 35 patients
Fitting clinical preprocessor on training data...
Built clinical feature dictionaries: train=140, val=35
Clinical input dimension: 5
Backbone feature dimension: 1408
Created mean pooling model with backbone efficientnetv2_b2
Using device: cuda
Class weights: [1.0, 0.4893617033958435]
Weight decay (L2 reg): 0.0001
Label smoothing: 0.1

Epoch 1/50 - Train Loss: 0.7104, Train Acc: 0.3571, Train AUC: 0.3742 - Val Loss: 0.6970, Val Acc (0.5): 0.3429, Val AUC: 0.3986
  Train Best Threshold 0.55 → Balanced Acc: 0.5053, Acc: 0.3357, Sensitivity: 0.0106, Specificity: 1.0000, PPV: 1.0000, NPV: 0.3309, F1: 0.0211
  Val Best Threshold 0.05 → Balanced Acc: 0.5000, Acc: 0.6571, Sensitivity: 1.0000, Specificity: 0.0000, PPV: 0.6571, NPV: 0.0000, F1: 0.7931
  → New best validation AUC: 0.3986
Epoch 2/50 - Train Loss: 0.7012, Train Acc: 0.4500, Train AUC: 0.5671 - Val Loss: 0.6939, Val Acc (0.5): 0.3429, Val AUC: 0.5072
  Train Best Threshold 0.50 → Balanced Acc: 0.5627, Acc: 0.4500, Sensitivity: 0.2340, Specificity: 0.8913, PPV: 0.8148, NPV: 0.3628, F1: 0.3636
  Val Best Threshold 0.05 → Balanced Acc: 0.5000, Acc: 0.6571, Sensitivity: 1.0000, Specificity: 0.0000, PPV: 0.6571, NPV: 0.0000, F1: 0.7931
  → New best validation AUC: 0.5072
Epoch 3/50 - Train Loss: 0.6959, Train Acc: 0.4500, Train AUC: 0.5870 - Val Loss: 0.6885, Val Acc (0.5): 0.3429, Val AUC: 0.5978
  Train Best Threshold 0.45 → Balanced Acc: 0.5654, Acc: 0.7071, Sensitivity: 0.9787, Specificity: 0.1522, PPV: 0.7023, NPV: 0.7778, F1: 0.8178
  Val Best Threshold 0.05 → Balanced Acc: 0.5000, Acc: 0.6571, Sensitivity: 1.0000, Specificity: 0.0000, PPV: 0.6571, NPV: 0.0000, F1: 0.7931
  → New best validation AUC: 0.5978
Epoch 4/50 - Train Loss: 0.7024, Train Acc: 0.5000, Train AUC: 0.5426 - Val Loss: 0.6865, Val Acc (0.5): 0.3429, Val AUC: 0.6304
  Train Best Threshold 0.50 → Balanced Acc: 0.5666, Acc: 0.5000, Sensitivity: 0.3723, Specificity: 0.7609, PPV: 0.7609, NPV: 0.3723, F1: 0.5000
  Val Best Threshold 0.05 → Balanced Acc: 0.5000, Acc: 0.6571, Sensitivity: 1.0000, Specificity: 0.0000, PPV: 0.6571, NPV: 0.0000, F1: 0.7931
  → New best validation AUC: 0.6304
Epoch 5/50 - Train Loss: 0.6921, Train Acc: 0.5357, Train AUC: 0.6496 - Val Loss: 0.6847, Val Acc (0.5): 0.3714, Val AUC: 0.6594
  Train Best Threshold 0.50 → Balanced Acc: 0.6099, Acc: 0.5357, Sensitivity: 0.3936, Specificity: 0.8261, PPV: 0.8222, NPV: 0.4000, F1: 0.5324
  Val Best Threshold 0.50 → Balanced Acc: 0.5217, Acc: 0.3714, Sensitivity: 0.0435, Specificity: 1.0000, PPV: 1.0000, NPV: 0.3529, F1: 0.0833
  → New best validation AUC: 0.6594
Epoch 6/50 - Train Loss: 0.6951, Train Acc: 0.5286, Train AUC: 0.6131 - Val Loss: 0.6834, Val Acc (0.5): 0.3714, Val AUC: 0.6812
  Train Best Threshold 0.50 → Balanced Acc: 0.5879, Acc: 0.5286, Sensitivity: 0.4149, Specificity: 0.7609, PPV: 0.7800, NPV: 0.3889, F1: 0.5417
  Val Best Threshold 0.50 → Balanced Acc: 0.5217, Acc: 0.3714, Sensitivity: 0.0435, Specificity: 1.0000, PPV: 1.0000, NPV: 0.3529, F1: 0.0833
  → New best validation AUC: 0.6812
Epoch 7/50 - Train Loss: 0.6916, Train Acc: 0.5429, Train AUC: 0.6429 - Val Loss: 0.6822, Val Acc (0.5): 0.3714, Val AUC: 0.6993
  Train Best Threshold 0.50 → Balanced Acc: 0.6207, Acc: 0.5429, Sensitivity: 0.3936, Specificity: 0.8478, PPV: 0.8409, NPV: 0.4062, F1: 0.5362
  Val Best Threshold 0.50 → Balanced Acc: 0.5217, Acc: 0.3714, Sensitivity: 0.0435, Specificity: 1.0000, PPV: 1.0000, NPV: 0.3529, F1: 0.0833
  → New best validation AUC: 0.6993
Epoch 8/50 - Train Loss: 0.6957, Train Acc: 0.5214, Train AUC: 0.6129 - Val Loss: 0.6787, Val Acc (0.5): 0.3714, Val AUC: 0.7536
  Train Best Threshold 0.50 → Balanced Acc: 0.5770, Acc: 0.5214, Sensitivity: 0.4149, Specificity: 0.7391, PPV: 0.7647, NPV: 0.3820, F1: 0.5379
  Val Best Threshold 0.50 → Balanced Acc: 0.5217, Acc: 0.3714, Sensitivity: 0.0435, Specificity: 1.0000, PPV: 1.0000, NPV: 0.3529, F1: 0.0833
  → New best validation AUC: 0.7536
Epoch 9/50 - Train Loss: 0.6902, Train Acc: 0.6000, Train AUC: 0.6619 - Val Loss: 0.6781, Val Acc (0.5): 0.4000, Val AUC: 0.7536
  Train Best Threshold 0.50 → Balanced Acc: 0.6411, Acc: 0.6000, Sensitivity: 0.5213, Specificity: 0.7609, PPV: 0.8167, NPV: 0.4375, F1: 0.6364
  Val Best Threshold 0.50 → Balanced Acc: 0.5435, Acc: 0.4000, Sensitivity: 0.0870, Specificity: 1.0000, PPV: 1.0000, NPV: 0.3636, F1: 0.1600
Epoch 10/50 - Train Loss: 0.6988, Train Acc: 0.5000, Train AUC: 0.5754 - Val Loss: 0.6768, Val Acc (0.5): 0.4286, Val AUC: 0.7790
  Train Best Threshold 0.50 → Balanced Acc: 0.5555, Acc: 0.5000, Sensitivity: 0.3936, Specificity: 0.7174, PPV: 0.7400, NPV: 0.3667, F1: 0.5139
  Val Best Threshold 0.50 → Balanced Acc: 0.5652, Acc: 0.4286, Sensitivity: 0.1304, Specificity: 1.0000, PPV: 1.0000, NPV: 0.3750, F1: 0.2308
  → New best validation AUC: 0.7790
Epoch 11/50 - Train Loss: 0.6847, Train Acc: 0.6286, Train AUC: 0.7093 - Val Loss: 0.6753, Val Acc (0.5): 0.4571, Val AUC: 0.7862
  Train Best Threshold 0.50 → Balanced Acc: 0.6957, Acc: 0.6286, Sensitivity: 0.5000, Specificity: 0.8913, PPV: 0.9038, NPV: 0.4659, F1: 0.6438
  Val Best Threshold 0.50 → Balanced Acc: 0.5870, Acc: 0.4571, Sensitivity: 0.1739, Specificity: 1.0000, PPV: 1.0000, NPV: 0.3871, F1: 0.2963
  → New best validation AUC: 0.7862
Epoch 12/50 - Train Loss: 0.6871, Train Acc: 0.5857, Train AUC: 0.6776 - Val Loss: 0.6749, Val Acc (0.5): 0.4571, Val AUC: 0.7862
  Train Best Threshold 0.50 → Balanced Acc: 0.6360, Acc: 0.5857, Sensitivity: 0.4894, Specificity: 0.7826, PPV: 0.8214, NPV: 0.4286, F1: 0.6133
  Val Best Threshold 0.50 → Balanced Acc: 0.5870, Acc: 0.4571, Sensitivity: 0.1739, Specificity: 1.0000, PPV: 1.0000, NPV: 0.3871, F1: 0.2963
Epoch 13/50 - Train Loss: 0.6933, Train Acc: 0.4929, Train AUC: 0.6265 - Val Loss: 0.6734, Val Acc (0.5): 0.4857, Val AUC: 0.7862
  Train Best Threshold 0.50 → Balanced Acc: 0.5779, Acc: 0.4929, Sensitivity: 0.3298, Specificity: 0.8261, PPV: 0.7949, NPV: 0.3762, F1: 0.4662
  Val Best Threshold 0.50 → Balanced Acc: 0.6087, Acc: 0.4857, Sensitivity: 0.2174, Specificity: 1.0000, PPV: 1.0000, NPV: 0.4000, F1: 0.3571
Epoch 14/50 - Train Loss: 0.6894, Train Acc: 0.6214, Train AUC: 0.6642 - Val Loss: 0.6719, Val Acc (0.5): 0.5429, Val AUC: 0.8152
  Train Best Threshold 0.50 → Balanced Acc: 0.6626, Acc: 0.6214, Sensitivity: 0.5426, Specificity: 0.7826, PPV: 0.8361, NPV: 0.4557, F1: 0.6581
  Val Best Threshold 0.50 → Balanced Acc: 0.6522, Acc: 0.5429, Sensitivity: 0.3043, Specificity: 1.0000, PPV: 1.0000, NPV: 0.4286, F1: 0.4667
  → New best validation AUC: 0.8152
Epoch 15/50 - Train Loss: 0.6870, Train Acc: 0.5643, Train AUC: 0.6503 - Val Loss: 0.6715, Val Acc (0.5): 0.5429, Val AUC: 0.8152
  Train Best Threshold 0.50 → Balanced Acc: 0.5978, Acc: 0.5643, Sensitivity: 0.5000, Specificity: 0.6957, PPV: 0.7705, NPV: 0.4051, F1: 0.6065
  Val Best Threshold 0.50 → Balanced Acc: 0.6522, Acc: 0.5429, Sensitivity: 0.3043, Specificity: 1.0000, PPV: 1.0000, NPV: 0.4286, F1: 0.4667
Epoch 16/50 - Train Loss: 0.6759, Train Acc: 0.6357, Train AUC: 0.7801 - Val Loss: 0.6693, Val Acc (0.5): 0.5429, Val AUC: 0.8188
  Train Best Threshold 0.50 → Balanced Acc: 0.6899, Acc: 0.6357, Sensitivity: 0.5319, Specificity: 0.8478, PPV: 0.8772, NPV: 0.4699, F1: 0.6623
  Val Best Threshold 0.50 → Balanced Acc: 0.6522, Acc: 0.5429, Sensitivity: 0.3043, Specificity: 1.0000, PPV: 1.0000, NPV: 0.4286, F1: 0.4667
  → New best validation AUC: 0.8188
Epoch 17/50 - Train Loss: 0.6862, Train Acc: 0.6000, Train AUC: 0.6945 - Val Loss: 0.6685, Val Acc (0.5): 0.5429, Val AUC: 0.8370
  Train Best Threshold 0.50 → Balanced Acc: 0.6522, Acc: 0.6000, Sensitivity: 0.5000, Specificity: 0.8043, PPV: 0.8393, NPV: 0.4405, F1: 0.6267
  Val Best Threshold 0.45 → Balanced Acc: 0.6866, Acc: 0.7714, Sensitivity: 0.9565, Specificity: 0.4167, PPV: 0.7586, NPV: 0.8333, F1: 0.8462
  → New best validation AUC: 0.8370
Epoch 18/50 - Train Loss: 0.6803, Train Acc: 0.6500, Train AUC: 0.7253 - Val Loss: 0.6668, Val Acc (0.5): 0.5429, Val AUC: 0.8478
  Train Best Threshold 0.50 → Balanced Acc: 0.7005, Acc: 0.6500, Sensitivity: 0.5532, Specificity: 0.8478, PPV: 0.8814, NPV: 0.4815, F1: 0.6797
  Val Best Threshold 0.45 → Balanced Acc: 0.6866, Acc: 0.7714, Sensitivity: 0.9565, Specificity: 0.4167, PPV: 0.7586, NPV: 0.8333, F1: 0.8462
  → New best validation AUC: 0.8478
Epoch 19/50 - Train Loss: 0.6887, Train Acc: 0.6143, Train AUC: 0.6762 - Val Loss: 0.6659, Val Acc (0.5): 0.5429, Val AUC: 0.8442
  Train Best Threshold 0.50 → Balanced Acc: 0.6573, Acc: 0.6143, Sensitivity: 0.5319, Specificity: 0.7826, PPV: 0.8333, NPV: 0.4500, F1: 0.6494
  Val Best Threshold 0.45 → Balanced Acc: 0.7065, Acc: 0.7714, Sensitivity: 0.9130, Specificity: 0.5000, PPV: 0.7778, NPV: 0.7500, F1: 0.8400
Epoch 20/50 - Train Loss: 0.6791, Train Acc: 0.6214, Train AUC: 0.7551 - Val Loss: 0.6638, Val Acc (0.5): 0.5429, Val AUC: 0.8442
  Train Best Threshold 0.50 → Balanced Acc: 0.6792, Acc: 0.6214, Sensitivity: 0.5106, Specificity: 0.8478, PPV: 0.8727, NPV: 0.4588, F1: 0.6443
  Val Best Threshold 0.45 → Balanced Acc: 0.7065, Acc: 0.7714, Sensitivity: 0.9130, Specificity: 0.5000, PPV: 0.7778, NPV: 0.7500, F1: 0.8400
Epoch 21/50 - Train Loss: 0.6764, Train Acc: 0.6214, Train AUC: 0.7398 - Val Loss: 0.6622, Val Acc (0.5): 0.5714, Val AUC: 0.8514
  Train Best Threshold 0.50 → Balanced Acc: 0.6737, Acc: 0.6214, Sensitivity: 0.5213, Specificity: 0.8261, PPV: 0.8596, NPV: 0.4578, F1: 0.6490
  Val Best Threshold 0.45 → Balanced Acc: 0.7065, Acc: 0.7714, Sensitivity: 0.9130, Specificity: 0.5000, PPV: 0.7778, NPV: 0.7500, F1: 0.8400
  → New best validation AUC: 0.8514
Epoch 22/50 - Train Loss: 0.6704, Train Acc: 0.6286, Train AUC: 0.7819 - Val Loss: 0.6608, Val Acc (0.5): 0.5714, Val AUC: 0.8551
  Train Best Threshold 0.50 → Balanced Acc: 0.6735, Acc: 0.6286, Sensitivity: 0.5426, Specificity: 0.8043, PPV: 0.8500, NPV: 0.4625, F1: 0.6623
  Val Best Threshold 0.45 → Balanced Acc: 0.7065, Acc: 0.7714, Sensitivity: 0.9130, Specificity: 0.5000, PPV: 0.7778, NPV: 0.7500, F1: 0.8400
  → New best validation AUC: 0.8551
Epoch 23/50 - Train Loss: 0.6724, Train Acc: 0.6357, Train AUC: 0.7382 - Val Loss: 0.6588, Val Acc (0.5): 0.5714, Val AUC: 0.8587
  Train Best Threshold 0.50 → Balanced Acc: 0.6788, Acc: 0.6357, Sensitivity: 0.5532, Specificity: 0.8043, PPV: 0.8525, NPV: 0.4684, F1: 0.6710
  Val Best Threshold 0.45 → Balanced Acc: 0.7065, Acc: 0.7714, Sensitivity: 0.9130, Specificity: 0.5000, PPV: 0.7778, NPV: 0.7500, F1: 0.8400
  → New best validation AUC: 0.8587
Epoch 24/50 - Train Loss: 0.6644, Train Acc: 0.7000, Train AUC: 0.8106 - Val Loss: 0.6573, Val Acc (0.5): 0.5714, Val AUC: 0.8514
  Train Best Threshold 0.50 → Balanced Acc: 0.7433, Acc: 0.7000, Sensitivity: 0.6170, Specificity: 0.8696, PPV: 0.9062, NPV: 0.5263, F1: 0.7342
  Val Best Threshold 0.45 → Balanced Acc: 0.7482, Acc: 0.8000, Sensitivity: 0.9130, Specificity: 0.5833, PPV: 0.8077, NPV: 0.7778, F1: 0.8571
Epoch 25/50 - Train Loss: 0.6717, Train Acc: 0.6857, Train AUC: 0.7653 - Val Loss: 0.6540, Val Acc (0.5): 0.5714, Val AUC: 0.8696
  Train Best Threshold 0.50 → Balanced Acc: 0.7216, Acc: 0.6857, Sensitivity: 0.6170, Specificity: 0.8261, PPV: 0.8788, NPV: 0.5135, F1: 0.7250
  Val Best Threshold 0.45 → Balanced Acc: 0.7899, Acc: 0.8286, Sensitivity: 0.9130, Specificity: 0.6667, PPV: 0.8400, NPV: 0.8000, F1: 0.8750
  → New best validation AUC: 0.8696
Epoch 26/50 - Train Loss: 0.6657, Train Acc: 0.6714, Train AUC: 0.7667 - Val Loss: 0.6544, Val Acc (0.5): 0.5714, Val AUC: 0.8514
  Train Best Threshold 0.50 → Balanced Acc: 0.7165, Acc: 0.6714, Sensitivity: 0.5851, Specificity: 0.8478, PPV: 0.8871, NPV: 0.5000, F1: 0.7051
  Val Best Threshold 0.45 → Balanced Acc: 0.7899, Acc: 0.8286, Sensitivity: 0.9130, Specificity: 0.6667, PPV: 0.8400, NPV: 0.8000, F1: 0.8750
Epoch 27/50 - Train Loss: 0.6663, Train Acc: 0.6571, Train AUC: 0.7812 - Val Loss: 0.6506, Val Acc (0.5): 0.6000, Val AUC: 0.8768
  Train Best Threshold 0.50 → Balanced Acc: 0.7058, Acc: 0.6571, Sensitivity: 0.5638, Specificity: 0.8478, PPV: 0.8833, NPV: 0.4875, F1: 0.6883
  Val Best Threshold 0.45 → Balanced Acc: 0.8116, Acc: 0.8571, Sensitivity: 0.9565, Specificity: 0.6667, PPV: 0.8462, NPV: 0.8889, F1: 0.8980
  → New best validation AUC: 0.8768
Epoch 28/50 - Train Loss: 0.6589, Train Acc: 0.7071, Train AUC: 0.7981 - Val Loss: 0.6498, Val Acc (0.5): 0.6000, Val AUC: 0.8732
  Train Best Threshold 0.50 → Balanced Acc: 0.7431, Acc: 0.7071, Sensitivity: 0.6383, Specificity: 0.8478, PPV: 0.8955, NPV: 0.5342, F1: 0.7453
  Val Best Threshold 0.45 → Balanced Acc: 0.7899, Acc: 0.8286, Sensitivity: 0.9130, Specificity: 0.6667, PPV: 0.8400, NPV: 0.8000, F1: 0.8750
Epoch 29/50 - Train Loss: 0.6588, Train Acc: 0.7143, Train AUC: 0.8069 - Val Loss: 0.6489, Val Acc (0.5): 0.6000, Val AUC: 0.8659
  Train Best Threshold 0.50 → Balanced Acc: 0.7484, Acc: 0.7143, Sensitivity: 0.6489, Specificity: 0.8478, PPV: 0.8971, NPV: 0.5417, F1: 0.7531
  Val Best Threshold 0.45 → Balanced Acc: 0.7899, Acc: 0.8286, Sensitivity: 0.9130, Specificity: 0.6667, PPV: 0.8400, NPV: 0.8000, F1: 0.8750
Epoch 30/50 - Train Loss: 0.6642, Train Acc: 0.6714, Train AUC: 0.7576 - Val Loss: 0.6463, Val Acc (0.5): 0.6000, Val AUC: 0.8659
  Train Best Threshold 0.50 → Balanced Acc: 0.7054, Acc: 0.6714, Sensitivity: 0.6064, Specificity: 0.8043, PPV: 0.8636, NPV: 0.5000, F1: 0.7125
  Val Best Threshold 0.45 → Balanced Acc: 0.7899, Acc: 0.8286, Sensitivity: 0.9130, Specificity: 0.6667, PPV: 0.8400, NPV: 0.8000, F1: 0.8750
Epoch 31/50 - Train Loss: 0.6588, Train Acc: 0.6929, Train AUC: 0.7710 - Val Loss: 0.6453, Val Acc (0.5): 0.6000, Val AUC: 0.8659
  Train Best Threshold 0.50 → Balanced Acc: 0.7269, Acc: 0.6929, Sensitivity: 0.6277, Specificity: 0.8261, PPV: 0.8806, NPV: 0.5205, F1: 0.7329
  Val Best Threshold 0.45 → Balanced Acc: 0.7681, Acc: 0.8000, Sensitivity: 0.8696, Specificity: 0.6667, PPV: 0.8333, NPV: 0.7273, F1: 0.8511
Epoch 32/50 - Train Loss: 0.6604, Train Acc: 0.7071, Train AUC: 0.7840 - Val Loss: 0.6429, Val Acc (0.5): 0.6000, Val AUC: 0.8623
  Train Best Threshold 0.50 → Balanced Acc: 0.7375, Acc: 0.7071, Sensitivity: 0.6489, Specificity: 0.8261, PPV: 0.8841, NPV: 0.5352, F1: 0.7485
  Val Best Threshold 0.45 → Balanced Acc: 0.7681, Acc: 0.8000, Sensitivity: 0.8696, Specificity: 0.6667, PPV: 0.8333, NPV: 0.7273, F1: 0.8511
Epoch 33/50 - Train Loss: 0.6580, Train Acc: 0.6786, Train AUC: 0.7815 - Val Loss: 0.6412, Val Acc (0.5): 0.5714, Val AUC: 0.8696
  Train Best Threshold 0.50 → Balanced Acc: 0.7218, Acc: 0.6786, Sensitivity: 0.5957, Specificity: 0.8478, PPV: 0.8889, NPV: 0.5065, F1: 0.7134
  Val Best Threshold 0.45 → Balanced Acc: 0.7681, Acc: 0.8000, Sensitivity: 0.8696, Specificity: 0.6667, PPV: 0.8333, NPV: 0.7273, F1: 0.8511
Epoch 34/50 - Train Loss: 0.6571, Train Acc: 0.6857, Train AUC: 0.7986 - Val Loss: 0.6380, Val Acc (0.5): 0.6000, Val AUC: 0.8768
  Train Best Threshold 0.50 → Balanced Acc: 0.7160, Acc: 0.6857, Sensitivity: 0.6277, Specificity: 0.8043, PPV: 0.8676, NPV: 0.5139, F1: 0.7284
  Val Best Threshold 0.45 → Balanced Acc: 0.7681, Acc: 0.8000, Sensitivity: 0.8696, Specificity: 0.6667, PPV: 0.8333, NPV: 0.7273, F1: 0.8511
Epoch 35/50 - Train Loss: 0.6481, Train Acc: 0.7214, Train AUC: 0.8117 - Val Loss: 0.6350, Val Acc (0.5): 0.6286, Val AUC: 0.8804
  Train Best Threshold 0.50 → Balanced Acc: 0.7648, Acc: 0.7214, Sensitivity: 0.6383, Specificity: 0.8913, PPV: 0.9231, NPV: 0.5467, F1: 0.7547
  Val Best Threshold 0.45 → Balanced Acc: 0.7464, Acc: 0.7714, Sensitivity: 0.8261, Specificity: 0.6667, PPV: 0.8261, NPV: 0.6667, F1: 0.8261
  → New best validation AUC: 0.8804
Epoch 36/50 - Train Loss: 0.6602, Train Acc: 0.6714, Train AUC: 0.7454 - Val Loss: 0.6328, Val Acc (0.5): 0.6000, Val AUC: 0.8841
  Train Best Threshold 0.50 → Balanced Acc: 0.7109, Acc: 0.6714, Sensitivity: 0.5957, Specificity: 0.8261, PPV: 0.8750, NPV: 0.5000, F1: 0.7089
  Val Best Threshold 0.45 → Balanced Acc: 0.7446, Acc: 0.7429, Sensitivity: 0.7391, Specificity: 0.7500, PPV: 0.8500, NPV: 0.6000, F1: 0.7907
  → New best validation AUC: 0.8841
Epoch 37/50 - Train Loss: 0.6528, Train Acc: 0.6571, Train AUC: 0.7865 - Val Loss: 0.6324, Val Acc (0.5): 0.6286, Val AUC: 0.8841
  Train Best Threshold 0.50 → Balanced Acc: 0.7003, Acc: 0.6571, Sensitivity: 0.5745, Specificity: 0.8261, PPV: 0.8710, NPV: 0.4872, F1: 0.6923
  Val Best Threshold 0.45 → Balanced Acc: 0.7880, Acc: 0.8000, Sensitivity: 0.8261, Specificity: 0.7500, PPV: 0.8636, NPV: 0.6923, F1: 0.8444
Epoch 38/50 - Train Loss: 0.6500, Train Acc: 0.6929, Train AUC: 0.7923 - Val Loss: 0.6296, Val Acc (0.5): 0.6286, Val AUC: 0.8841
  Train Best Threshold 0.50 → Balanced Acc: 0.7324, Acc: 0.6929, Sensitivity: 0.6170, Specificity: 0.8478, PPV: 0.8923, NPV: 0.5200, F1: 0.7296
  Val Best Threshold 0.45 → Balanced Acc: 0.7663, Acc: 0.7714, Sensitivity: 0.7826, Specificity: 0.7500, PPV: 0.8571, NPV: 0.6429, F1: 0.8182
Epoch 39/50 - Train Loss: 0.6458, Train Acc: 0.7000, Train AUC: 0.8150 - Val Loss: 0.6282, Val Acc (0.5): 0.6286, Val AUC: 0.8804
  Train Best Threshold 0.50 → Balanced Acc: 0.7377, Acc: 0.7000, Sensitivity: 0.6277, Specificity: 0.8478, PPV: 0.8939, NPV: 0.5270, F1: 0.7375
  Val Best Threshold 0.45 → Balanced Acc: 0.7880, Acc: 0.8000, Sensitivity: 0.8261, Specificity: 0.7500, PPV: 0.8636, NPV: 0.6923, F1: 0.8444
Epoch 40/50 - Train Loss: 0.6530, Train Acc: 0.6786, Train AUC: 0.7657 - Val Loss: 0.6278, Val Acc (0.5): 0.6286, Val AUC: 0.8804
  Train Best Threshold 0.50 → Balanced Acc: 0.7218, Acc: 0.6786, Sensitivity: 0.5957, Specificity: 0.8478, PPV: 0.8889, NPV: 0.5065, F1: 0.7134
  Val Best Threshold 0.45 → Balanced Acc: 0.7880, Acc: 0.8000, Sensitivity: 0.8261, Specificity: 0.7500, PPV: 0.8636, NPV: 0.6923, F1: 0.8444
Epoch 41/50 - Train Loss: 0.6434, Train Acc: 0.6929, Train AUC: 0.8055 - Val Loss: 0.6284, Val Acc (0.5): 0.6286, Val AUC: 0.8804
  Train Best Threshold 0.50 → Balanced Acc: 0.7324, Acc: 0.6929, Sensitivity: 0.6170, Specificity: 0.8478, PPV: 0.8923, NPV: 0.5200, F1: 0.7296
  Val Best Threshold 0.45 → Balanced Acc: 0.7880, Acc: 0.8000, Sensitivity: 0.8261, Specificity: 0.7500, PPV: 0.8636, NPV: 0.6923, F1: 0.8444
Epoch 42/50 - Train Loss: 0.6358, Train Acc: 0.7500, Train AUC: 0.8067 - Val Loss: 0.6260, Val Acc (0.5): 0.6857, Val AUC: 0.8804
  Train Best Threshold 0.50 → Balanced Acc: 0.7972, Acc: 0.7500, Sensitivity: 0.6596, Specificity: 0.9348, PPV: 0.9538, NPV: 0.5733, F1: 0.7799
  Val Best Threshold 0.45 → Balanced Acc: 0.7880, Acc: 0.8000, Sensitivity: 0.8261, Specificity: 0.7500, PPV: 0.8636, NPV: 0.6923, F1: 0.8444
Epoch 43/50 - Train Loss: 0.6264, Train Acc: 0.7143, Train AUC: 0.8326 - Val Loss: 0.6226, Val Acc (0.5): 0.6857, Val AUC: 0.8804
  Train Best Threshold 0.50 → Balanced Acc: 0.7595, Acc: 0.7143, Sensitivity: 0.6277, Specificity: 0.8913, PPV: 0.9219, NPV: 0.5395, F1: 0.7468
  Val Best Threshold 0.45 → Balanced Acc: 0.7880, Acc: 0.8000, Sensitivity: 0.8261, Specificity: 0.7500, PPV: 0.8636, NPV: 0.6923, F1: 0.8444
Epoch 44/50 - Train Loss: 0.6411, Train Acc: 0.7000, Train AUC: 0.8000 - Val Loss: 0.6202, Val Acc (0.5): 0.6857, Val AUC: 0.8841
  Train Best Threshold 0.50 → Balanced Acc: 0.7433, Acc: 0.7000, Sensitivity: 0.6170, Specificity: 0.8696, PPV: 0.9062, NPV: 0.5263, F1: 0.7342
  Val Best Threshold 0.45 → Balanced Acc: 0.7880, Acc: 0.8000, Sensitivity: 0.8261, Specificity: 0.7500, PPV: 0.8636, NPV: 0.6923, F1: 0.8444
Epoch 45/50 - Train Loss: 0.6420, Train Acc: 0.7071, Train AUC: 0.7766 - Val Loss: 0.6184, Val Acc (0.5): 0.6857, Val AUC: 0.8804
  Train Best Threshold 0.50 → Balanced Acc: 0.7320, Acc: 0.7071, Sensitivity: 0.6596, Specificity: 0.8043, PPV: 0.8732, NPV: 0.5362, F1: 0.7515
  Val Best Threshold 0.45 → Balanced Acc: 0.7880, Acc: 0.8000, Sensitivity: 0.8261, Specificity: 0.7500, PPV: 0.8636, NPV: 0.6923, F1: 0.8444
Epoch 46/50 - Train Loss: 0.6364, Train Acc: 0.7000, Train AUC: 0.8115 - Val Loss: 0.6166, Val Acc (0.5): 0.7143, Val AUC: 0.8804
  Train Best Threshold 0.50 → Balanced Acc: 0.7433, Acc: 0.7000, Sensitivity: 0.6170, Specificity: 0.8696, PPV: 0.9062, NPV: 0.5263, F1: 0.7342
  Val Best Threshold 0.45 → Balanced Acc: 0.7880, Acc: 0.8000, Sensitivity: 0.8261, Specificity: 0.7500, PPV: 0.8636, NPV: 0.6923, F1: 0.8444
Epoch 47/50 - Train Loss: 0.6384, Train Acc: 0.6571, Train AUC: 0.7937 - Val Loss: 0.6156, Val Acc (0.5): 0.7143, Val AUC: 0.8804
  Train Best Threshold 0.45 → Balanced Acc: 0.7301, Acc: 0.7643, Sensitivity: 0.8298, Specificity: 0.6304, PPV: 0.8211, NPV: 0.6444, F1: 0.8254
  Val Best Threshold 0.45 → Balanced Acc: 0.7880, Acc: 0.8000, Sensitivity: 0.8261, Specificity: 0.7500, PPV: 0.8636, NPV: 0.6923, F1: 0.8444
Epoch 48/50 - Train Loss: 0.6359, Train Acc: 0.7000, Train AUC: 0.8136 - Val Loss: 0.6141, Val Acc (0.5): 0.6857, Val AUC: 0.8804
  Train Best Threshold 0.45 → Balanced Acc: 0.7463, Acc: 0.7786, Sensitivity: 0.8404, Specificity: 0.6522, PPV: 0.8316, NPV: 0.6667, F1: 0.8360
  Val Best Threshold 0.45 → Balanced Acc: 0.7880, Acc: 0.8000, Sensitivity: 0.8261, Specificity: 0.7500, PPV: 0.8636, NPV: 0.6923, F1: 0.8444
Epoch 49/50 - Train Loss: 0.6296, Train Acc: 0.7214, Train AUC: 0.8006 - Val Loss: 0.6142, Val Acc (0.5): 0.6571, Val AUC: 0.8841
  Train Best Threshold 0.50 → Balanced Acc: 0.7704, Acc: 0.7214, Sensitivity: 0.6277, Specificity: 0.9130, PPV: 0.9365, NPV: 0.5455, F1: 0.7516
  Val Best Threshold 0.45 → Balanced Acc: 0.7880, Acc: 0.8000, Sensitivity: 0.8261, Specificity: 0.7500, PPV: 0.8636, NPV: 0.6923, F1: 0.8444
Early stopping at epoch 49
Loaded best model with validation AUC: 0.8841
Final Train Results (Best Model) at epoch 36 - Loss: 0.6435, Accuracy: 0.7143, AUC: 0.8411
Final Val Results (Best Model) at epoch 36 - Loss: 0.6328, Accuracy: 0.6000, AUC: 0.8841
Train Best Threshold: 0.50 | Balanced Acc: 0.7595 | Acc: 0.7143 | Sensitivity: 0.6277 | Specificity: 0.8913 | PPV: 0.9219 | NPV: 0.5395 | F1: 0.7468
Train Confusion Matrix at Best Threshold (rows=actual [0,1], cols=predicted [0,1]):
[[41  5]
 [35 59]]
Val Best Threshold: 0.45 | Balanced Acc: 0.7446 | Acc: 0.7429 | Sensitivity: 0.7391 | Specificity: 0.7500 | PPV: 0.8500 | NPV: 0.6000 | F1: 0.7907
Val Confusion Matrix at Best Threshold (rows=actual [0,1], cols=predicted [0,1]):
[[ 9  3]
 [ 6 17]]

Fold 4 Training Cases (140): ['1', '100', '101', '102', '104', '105', '106', '108', '110', '112', '113', '114', '115', '118', '119', '122', '123', '126', '129', '132', '135', '137', '142', '144', '145', '152', '153', '154', '158', '162', '163', '164', '165', '169', '173', '175', '178', '180', '181', '186', '192', '197', '203', '204', '205', '206', '207', '210', '211', '215', '219', '221', '223', '224', '226', '231', '24', '241', '244', '245', '25', '250', '251', '253', '254', '255', '257', '258', '26', '260', '262', '263', '264', '27', '273', '274', '275', '276', '278', '280', '281', '284', '287', '29', '292', '300', '301', '303', '304', '307', '308', '31', '310', '311', '32', '324', '329', '331', '332', '37', '38', '4', '40', '43', '45', '46', '49', '5', '50', '52', '53', '55', '57', '58', '6', '60', '62', '63', '64', '65', '67', '68', '7', '73', '78', '8', '80', '81', '83', '85', '86', '87', '88', '89', '91', '93', '96', '97', '98', '99']
Fold 4 Validation Cases (35): ['107', '11', '111', '146', '157', '166', '177', '18', '185', '191', '217', '218', '220', '232', '259', '268', '269', '272', '283', '289', '298', '299', '306', '312', '313', '319', '320', '48', '51', '69', '77', '9', '90', '92', '95']
Fold 4 class distribution:
  Train: Class 0=46 (32.9%), Class 1=94 (67.1%)
  Val:   Class 0=12 (34.3%), Class 1=23 (65.7%)

======================================================================
Fold 4/5
======================================================================
Train: 140 patients
Val: 35 patients
Fitting clinical preprocessor on training data...
Built clinical feature dictionaries: train=140, val=35
Clinical input dimension: 5
Backbone feature dimension: 1408
Created mean pooling model with backbone efficientnetv2_b2
Using device: cuda
Class weights: [1.0, 0.4893617033958435]
Weight decay (L2 reg): 0.0001
Label smoothing: 0.1

Epoch 1/50 - Train Loss: 0.7081, Train Acc: 0.3786, Train AUC: 0.4598 - Val Loss: 0.6862, Val Acc (0.5): 0.3714, Val AUC: 0.7283
  Train Best Threshold 0.45 → Balanced Acc: 0.5278, Acc: 0.6714, Sensitivity: 0.9468, Specificity: 0.1087, PPV: 0.6846, NPV: 0.5000, F1: 0.7946
  Val Best Threshold 0.50 → Balanced Acc: 0.5217, Acc: 0.3714, Sensitivity: 0.0435, Specificity: 1.0000, PPV: 1.0000, NPV: 0.3529, F1: 0.0833
  → New best validation AUC: 0.7283
Epoch 2/50 - Train Loss: 0.7061, Train Acc: 0.4143, Train AUC: 0.4898 - Val Loss: 0.6850, Val Acc (0.5): 0.3429, Val AUC: 0.6957
  Train Best Threshold 0.55 → Balanced Acc: 0.5053, Acc: 0.3357, Sensitivity: 0.0106, Specificity: 1.0000, PPV: 1.0000, NPV: 0.3309, F1: 0.0211
  Val Best Threshold 0.05 → Balanced Acc: 0.5000, Acc: 0.6571, Sensitivity: 1.0000, Specificity: 0.0000, PPV: 0.6571, NPV: 0.0000, F1: 0.7931
Epoch 3/50 - Train Loss: 0.6998, Train Acc: 0.4714, Train AUC: 0.5414 - Val Loss: 0.6850, Val Acc (0.5): 0.3429, Val AUC: 0.7138
  Train Best Threshold 0.50 → Balanced Acc: 0.5620, Acc: 0.4714, Sensitivity: 0.2979, Specificity: 0.8261, PPV: 0.7778, NPV: 0.3654, F1: 0.4308
  Val Best Threshold 0.05 → Balanced Acc: 0.5000, Acc: 0.6571, Sensitivity: 1.0000, Specificity: 0.0000, PPV: 0.6571, NPV: 0.0000, F1: 0.7931
Epoch 4/50 - Train Loss: 0.7016, Train Acc: 0.4786, Train AUC: 0.5197 - Val Loss: 0.6861, Val Acc (0.5): 0.3429, Val AUC: 0.7065
  Train Best Threshold 0.50 → Balanced Acc: 0.5340, Acc: 0.4786, Sensitivity: 0.3723, Specificity: 0.6957, PPV: 0.7143, NPV: 0.3516, F1: 0.4895
  Val Best Threshold 0.05 → Balanced Acc: 0.5000, Acc: 0.6571, Sensitivity: 1.0000, Specificity: 0.0000, PPV: 0.6571, NPV: 0.0000, F1: 0.7931
Epoch 5/50 - Train Loss: 0.6992, Train Acc: 0.5214, Train AUC: 0.5666 - Val Loss: 0.6851, Val Acc (0.5): 0.4000, Val AUC: 0.7319
  Train Best Threshold 0.50 → Balanced Acc: 0.5826, Acc: 0.5214, Sensitivity: 0.4043, Specificity: 0.7609, PPV: 0.7755, NPV: 0.3846, F1: 0.5315
  Val Best Threshold 0.50 → Balanced Acc: 0.5435, Acc: 0.4000, Sensitivity: 0.0870, Specificity: 1.0000, PPV: 1.0000, NPV: 0.3636, F1: 0.1600
  → New best validation AUC: 0.7319
Epoch 6/50 - Train Loss: 0.6973, Train Acc: 0.5357, Train AUC: 0.5988 - Val Loss: 0.6839, Val Acc (0.5): 0.4571, Val AUC: 0.7572
  Train Best Threshold 0.50 → Balanced Acc: 0.5710, Acc: 0.5357, Sensitivity: 0.4681, Specificity: 0.6739, PPV: 0.7458, NPV: 0.3827, F1: 0.5752
  Val Best Threshold 0.50 → Balanced Acc: 0.5870, Acc: 0.4571, Sensitivity: 0.1739, Specificity: 1.0000, PPV: 1.0000, NPV: 0.3871, F1: 0.2963
  → New best validation AUC: 0.7572
Epoch 7/50 - Train Loss: 0.6933, Train Acc: 0.5071, Train AUC: 0.6355 - Val Loss: 0.6825, Val Acc (0.5): 0.4571, Val AUC: 0.7826
  Train Best Threshold 0.50 → Balanced Acc: 0.5553, Acc: 0.5071, Sensitivity: 0.4149, Specificity: 0.6957, PPV: 0.7358, NPV: 0.3678, F1: 0.5306
  Val Best Threshold 0.50 → Balanced Acc: 0.5870, Acc: 0.4571, Sensitivity: 0.1739, Specificity: 1.0000, PPV: 1.0000, NPV: 0.3871, F1: 0.2963
  → New best validation AUC: 0.7826
Epoch 8/50 - Train Loss: 0.6934, Train Acc: 0.5571, Train AUC: 0.6522 - Val Loss: 0.6819, Val Acc (0.5): 0.4857, Val AUC: 0.7681
  Train Best Threshold 0.50 → Balanced Acc: 0.6147, Acc: 0.5571, Sensitivity: 0.4468, Specificity: 0.7826, PPV: 0.8077, NPV: 0.4091, F1: 0.5753
  Val Best Threshold 0.50 → Balanced Acc: 0.6087, Acc: 0.4857, Sensitivity: 0.2174, Specificity: 1.0000, PPV: 1.0000, NPV: 0.4000, F1: 0.3571
Epoch 9/50 - Train Loss: 0.6992, Train Acc: 0.5143, Train AUC: 0.5659 - Val Loss: 0.6809, Val Acc (0.5): 0.4857, Val AUC: 0.7754
  Train Best Threshold 0.50 → Balanced Acc: 0.5384, Acc: 0.5143, Sensitivity: 0.4681, Specificity: 0.6087, PPV: 0.7097, NPV: 0.3590, F1: 0.5641
  Val Best Threshold 0.50 → Balanced Acc: 0.6087, Acc: 0.4857, Sensitivity: 0.2174, Specificity: 1.0000, PPV: 1.0000, NPV: 0.4000, F1: 0.3571
Epoch 10/50 - Train Loss: 0.6942, Train Acc: 0.5286, Train AUC: 0.6152 - Val Loss: 0.6800, Val Acc (0.5): 0.4857, Val AUC: 0.7609
  Train Best Threshold 0.50 → Balanced Acc: 0.5546, Acc: 0.5286, Sensitivity: 0.4787, Specificity: 0.6304, PPV: 0.7258, NPV: 0.3718, F1: 0.5769
  Val Best Threshold 0.50 → Balanced Acc: 0.6087, Acc: 0.4857, Sensitivity: 0.2174, Specificity: 1.0000, PPV: 1.0000, NPV: 0.4000, F1: 0.3571
Epoch 11/50 - Train Loss: 0.6912, Train Acc: 0.5571, Train AUC: 0.6552 - Val Loss: 0.6786, Val Acc (0.5): 0.5143, Val AUC: 0.7862
  Train Best Threshold 0.50 → Balanced Acc: 0.6147, Acc: 0.5571, Sensitivity: 0.4468, Specificity: 0.7826, PPV: 0.8077, NPV: 0.4091, F1: 0.5753
  Val Best Threshold 0.50 → Balanced Acc: 0.6304, Acc: 0.5143, Sensitivity: 0.2609, Specificity: 1.0000, PPV: 1.0000, NPV: 0.4138, F1: 0.4138
  → New best validation AUC: 0.7862
Epoch 12/50 - Train Loss: 0.6919, Train Acc: 0.5357, Train AUC: 0.6510 - Val Loss: 0.6770, Val Acc (0.5): 0.5143, Val AUC: 0.8152
  Train Best Threshold 0.50 → Balanced Acc: 0.5765, Acc: 0.5357, Sensitivity: 0.4574, Specificity: 0.6957, PPV: 0.7544, NPV: 0.3855, F1: 0.5695
  Val Best Threshold 0.50 → Balanced Acc: 0.6105, Acc: 0.5143, Sensitivity: 0.3043, Specificity: 0.9167, PPV: 0.8750, NPV: 0.4074, F1: 0.4516
  → New best validation AUC: 0.8152
Epoch 13/50 - Train Loss: 0.6894, Train Acc: 0.5929, Train AUC: 0.6811 - Val Loss: 0.6765, Val Acc (0.5): 0.5143, Val AUC: 0.8080
  Train Best Threshold 0.50 → Balanced Acc: 0.6358, Acc: 0.5929, Sensitivity: 0.5106, Specificity: 0.7609, PPV: 0.8136, NPV: 0.4321, F1: 0.6275
  Val Best Threshold 0.50 → Balanced Acc: 0.6105, Acc: 0.5143, Sensitivity: 0.3043, Specificity: 0.9167, PPV: 0.8750, NPV: 0.4074, F1: 0.4516
Epoch 14/50 - Train Loss: 0.6895, Train Acc: 0.5500, Train AUC: 0.6605 - Val Loss: 0.6754, Val Acc (0.5): 0.5429, Val AUC: 0.8152
  Train Best Threshold 0.50 → Balanced Acc: 0.5927, Acc: 0.5500, Sensitivity: 0.4681, Specificity: 0.7174, PPV: 0.7719, NPV: 0.3976, F1: 0.5828
  Val Best Threshold 0.50 → Balanced Acc: 0.6322, Acc: 0.5429, Sensitivity: 0.3478, Specificity: 0.9167, PPV: 0.8889, NPV: 0.4231, F1: 0.5000
Epoch 15/50 - Train Loss: 0.6782, Train Acc: 0.6643, Train AUC: 0.7593 - Val Loss: 0.6741, Val Acc (0.5): 0.5714, Val AUC: 0.8043
  Train Best Threshold 0.50 → Balanced Acc: 0.7111, Acc: 0.6643, Sensitivity: 0.5745, Specificity: 0.8478, PPV: 0.8852, NPV: 0.4937, F1: 0.6968
  Val Best Threshold 0.50 → Balanced Acc: 0.6540, Acc: 0.5714, Sensitivity: 0.3913, Specificity: 0.9167, PPV: 0.9000, NPV: 0.4400, F1: 0.5455
Epoch 16/50 - Train Loss: 0.6796, Train Acc: 0.6571, Train AUC: 0.7479 - Val Loss: 0.6719, Val Acc (0.5): 0.5714, Val AUC: 0.8261
  Train Best Threshold 0.50 → Balanced Acc: 0.6947, Acc: 0.6571, Sensitivity: 0.5851, Specificity: 0.8043, PPV: 0.8594, NPV: 0.4868, F1: 0.6962
  Val Best Threshold 0.50 → Balanced Acc: 0.6540, Acc: 0.5714, Sensitivity: 0.3913, Specificity: 0.9167, PPV: 0.9000, NPV: 0.4400, F1: 0.5455
  → New best validation AUC: 0.8261
Epoch 17/50 - Train Loss: 0.6780, Train Acc: 0.6643, Train AUC: 0.7662 - Val Loss: 0.6703, Val Acc (0.5): 0.5714, Val AUC: 0.8406
  Train Best Threshold 0.50 → Balanced Acc: 0.7000, Acc: 0.6643, Sensitivity: 0.5957, Specificity: 0.8043, PPV: 0.8615, NPV: 0.4933, F1: 0.7044
  Val Best Threshold 0.50 → Balanced Acc: 0.6540, Acc: 0.5714, Sensitivity: 0.3913, Specificity: 0.9167, PPV: 0.9000, NPV: 0.4400, F1: 0.5455
  → New best validation AUC: 0.8406
Epoch 18/50 - Train Loss: 0.6821, Train Acc: 0.6071, Train AUC: 0.7137 - Val Loss: 0.6692, Val Acc (0.5): 0.5714, Val AUC: 0.8297
  Train Best Threshold 0.50 → Balanced Acc: 0.6519, Acc: 0.6071, Sensitivity: 0.5213, Specificity: 0.7826, PPV: 0.8305, NPV: 0.4444, F1: 0.6405
  Val Best Threshold 0.50 → Balanced Acc: 0.6540, Acc: 0.5714, Sensitivity: 0.3913, Specificity: 0.9167, PPV: 0.9000, NPV: 0.4400, F1: 0.5455
Epoch 19/50 - Train Loss: 0.6775, Train Acc: 0.6786, Train AUC: 0.7646 - Val Loss: 0.6683, Val Acc (0.5): 0.5714, Val AUC: 0.8261
  Train Best Threshold 0.50 → Balanced Acc: 0.7329, Acc: 0.6786, Sensitivity: 0.5745, Specificity: 0.8913, PPV: 0.9153, NPV: 0.5062, F1: 0.7059
  Val Best Threshold 0.50 → Balanced Acc: 0.6540, Acc: 0.5714, Sensitivity: 0.3913, Specificity: 0.9167, PPV: 0.9000, NPV: 0.4400, F1: 0.5455
Epoch 20/50 - Train Loss: 0.6759, Train Acc: 0.6929, Train AUC: 0.7743 - Val Loss: 0.6660, Val Acc (0.5): 0.5714, Val AUC: 0.8406
  Train Best Threshold 0.50 → Balanced Acc: 0.7380, Acc: 0.6929, Sensitivity: 0.6064, Specificity: 0.8696, PPV: 0.9048, NPV: 0.5195, F1: 0.7261
  Val Best Threshold 0.45 → Balanced Acc: 0.6649, Acc: 0.7429, Sensitivity: 0.9130, Specificity: 0.4167, PPV: 0.7500, NPV: 0.7143, F1: 0.8235
Epoch 21/50 - Train Loss: 0.6777, Train Acc: 0.6214, Train AUC: 0.7465 - Val Loss: 0.6650, Val Acc (0.5): 0.6000, Val AUC: 0.8478
  Train Best Threshold 0.50 → Balanced Acc: 0.6570, Acc: 0.6214, Sensitivity: 0.5532, Specificity: 0.7609, PPV: 0.8254, NPV: 0.4545, F1: 0.6624
  Val Best Threshold 0.50 → Balanced Acc: 0.6757, Acc: 0.6000, Sensitivity: 0.4348, Specificity: 0.9167, PPV: 0.9091, NPV: 0.4583, F1: 0.5882
  → New best validation AUC: 0.8478
Epoch 22/50 - Train Loss: 0.6655, Train Acc: 0.6357, Train AUC: 0.8080 - Val Loss: 0.6632, Val Acc (0.5): 0.6000, Val AUC: 0.8370
  Train Best Threshold 0.45 → Balanced Acc: 0.6852, Acc: 0.7786, Sensitivity: 0.9574, Specificity: 0.4130, PPV: 0.7692, NPV: 0.8261, F1: 0.8531
  Val Best Threshold 0.45 → Balanced Acc: 0.7264, Acc: 0.7714, Sensitivity: 0.8696, Specificity: 0.5833, PPV: 0.8000, NPV: 0.7000, F1: 0.8333
Epoch 23/50 - Train Loss: 0.6732, Train Acc: 0.6214, Train AUC: 0.7736 - Val Loss: 0.6617, Val Acc (0.5): 0.6000, Val AUC: 0.8370
  Train Best Threshold 0.50 → Balanced Acc: 0.6626, Acc: 0.6214, Sensitivity: 0.5426, Specificity: 0.7826, PPV: 0.8361, NPV: 0.4557, F1: 0.6581
  Val Best Threshold 0.45 → Balanced Acc: 0.7482, Acc: 0.8000, Sensitivity: 0.9130, Specificity: 0.5833, PPV: 0.8077, NPV: 0.7778, F1: 0.8571
Epoch 24/50 - Train Loss: 0.6692, Train Acc: 0.6857, Train AUC: 0.8002 - Val Loss: 0.6602, Val Acc (0.5): 0.6000, Val AUC: 0.8514
  Train Best Threshold 0.50 → Balanced Acc: 0.7327, Acc: 0.6857, Sensitivity: 0.5957, Specificity: 0.8696, PPV: 0.9032, NPV: 0.5128, F1: 0.7179
  Val Best Threshold 0.45 → Balanced Acc: 0.7482, Acc: 0.8000, Sensitivity: 0.9130, Specificity: 0.5833, PPV: 0.8077, NPV: 0.7778, F1: 0.8571
  → New best validation AUC: 0.8514
Epoch 25/50 - Train Loss: 0.6655, Train Acc: 0.7071, Train AUC: 0.7956 - Val Loss: 0.6600, Val Acc (0.5): 0.6000, Val AUC: 0.8406
  Train Best Threshold 0.50 → Balanced Acc: 0.7431, Acc: 0.7071, Sensitivity: 0.6383, Specificity: 0.8478, PPV: 0.8955, NPV: 0.5342, F1: 0.7453
  Val Best Threshold 0.45 → Balanced Acc: 0.7482, Acc: 0.8000, Sensitivity: 0.9130, Specificity: 0.5833, PPV: 0.8077, NPV: 0.7778, F1: 0.8571
Epoch 26/50 - Train Loss: 0.6707, Train Acc: 0.6714, Train AUC: 0.7676 - Val Loss: 0.6583, Val Acc (0.5): 0.6000, Val AUC: 0.8478
  Train Best Threshold 0.50 → Balanced Acc: 0.7109, Acc: 0.6714, Sensitivity: 0.5957, Specificity: 0.8261, PPV: 0.8750, NPV: 0.5000, F1: 0.7089
  Val Best Threshold 0.45 → Balanced Acc: 0.7482, Acc: 0.8000, Sensitivity: 0.9130, Specificity: 0.5833, PPV: 0.8077, NPV: 0.7778, F1: 0.8571
Epoch 27/50 - Train Loss: 0.6618, Train Acc: 0.7000, Train AUC: 0.8182 - Val Loss: 0.6577, Val Acc (0.5): 0.6000, Val AUC: 0.8478
  Train Best Threshold 0.50 → Balanced Acc: 0.7488, Acc: 0.7000, Sensitivity: 0.6064, Specificity: 0.8913, PPV: 0.9194, NPV: 0.5256, F1: 0.7308
  Val Best Threshold 0.45 → Balanced Acc: 0.7482, Acc: 0.8000, Sensitivity: 0.9130, Specificity: 0.5833, PPV: 0.8077, NPV: 0.7778, F1: 0.8571
Epoch 28/50 - Train Loss: 0.6598, Train Acc: 0.7286, Train AUC: 0.8067 - Val Loss: 0.6550, Val Acc (0.5): 0.6000, Val AUC: 0.8442
  Train Best Threshold 0.50 → Balanced Acc: 0.7646, Acc: 0.7286, Sensitivity: 0.6596, Specificity: 0.8696, PPV: 0.9118, NPV: 0.5556, F1: 0.7654
  Val Best Threshold 0.45 → Balanced Acc: 0.7681, Acc: 0.8000, Sensitivity: 0.8696, Specificity: 0.6667, PPV: 0.8333, NPV: 0.7273, F1: 0.8511
Epoch 29/50 - Train Loss: 0.6602, Train Acc: 0.7071, Train AUC: 0.8138 - Val Loss: 0.6539, Val Acc (0.5): 0.6000, Val AUC: 0.8478
  Train Best Threshold 0.50 → Balanced Acc: 0.7431, Acc: 0.7071, Sensitivity: 0.6383, Specificity: 0.8478, PPV: 0.8955, NPV: 0.5342, F1: 0.7453
  Val Best Threshold 0.45 → Balanced Acc: 0.7264, Acc: 0.7714, Sensitivity: 0.8696, Specificity: 0.5833, PPV: 0.8000, NPV: 0.7000, F1: 0.8333
Epoch 30/50 - Train Loss: 0.6567, Train Acc: 0.6714, Train AUC: 0.8111 - Val Loss: 0.6527, Val Acc (0.5): 0.6000, Val AUC: 0.8514
  Train Best Threshold 0.50 → Balanced Acc: 0.7220, Acc: 0.6714, Sensitivity: 0.5745, Specificity: 0.8696, PPV: 0.9000, NPV: 0.5000, F1: 0.7013
  Val Best Threshold 0.45 → Balanced Acc: 0.7264, Acc: 0.7714, Sensitivity: 0.8696, Specificity: 0.5833, PPV: 0.8000, NPV: 0.7000, F1: 0.8333
Epoch 31/50 - Train Loss: 0.6548, Train Acc: 0.6500, Train AUC: 0.7854 - Val Loss: 0.6515, Val Acc (0.5): 0.6000, Val AUC: 0.8514
  Train Best Threshold 0.45 → Balanced Acc: 0.7021, Acc: 0.7714, Sensitivity: 0.9043, Specificity: 0.5000, PPV: 0.7870, NPV: 0.7188, F1: 0.8416
  Val Best Threshold 0.45 → Balanced Acc: 0.7264, Acc: 0.7714, Sensitivity: 0.8696, Specificity: 0.5833, PPV: 0.8000, NPV: 0.7000, F1: 0.8333
Epoch 32/50 - Train Loss: 0.6642, Train Acc: 0.6929, Train AUC: 0.7787 - Val Loss: 0.6498, Val Acc (0.5): 0.6000, Val AUC: 0.8551
  Train Best Threshold 0.50 → Balanced Acc: 0.7213, Acc: 0.6929, Sensitivity: 0.6383, Specificity: 0.8043, PPV: 0.8696, NPV: 0.5211, F1: 0.7362
  Val Best Threshold 0.45 → Balanced Acc: 0.8098, Acc: 0.8286, Sensitivity: 0.8696, Specificity: 0.7500, PPV: 0.8696, NPV: 0.7500, F1: 0.8696
  → New best validation AUC: 0.8551
Epoch 33/50 - Train Loss: 0.6546, Train Acc: 0.6929, Train AUC: 0.8094 - Val Loss: 0.6499, Val Acc (0.5): 0.6000, Val AUC: 0.8478
  Train Best Threshold 0.50 → Balanced Acc: 0.7158, Acc: 0.6929, Sensitivity: 0.6489, Specificity: 0.7826, PPV: 0.8592, NPV: 0.5217, F1: 0.7394
  Val Best Threshold 0.45 → Balanced Acc: 0.8098, Acc: 0.8286, Sensitivity: 0.8696, Specificity: 0.7500, PPV: 0.8696, NPV: 0.7500, F1: 0.8696
Epoch 34/50 - Train Loss: 0.6540, Train Acc: 0.7143, Train AUC: 0.8124 - Val Loss: 0.6478, Val Acc (0.5): 0.6000, Val AUC: 0.8478
  Train Best Threshold 0.50 → Balanced Acc: 0.7428, Acc: 0.7143, Sensitivity: 0.6596, Specificity: 0.8261, PPV: 0.8857, NPV: 0.5429, F1: 0.7561
  Val Best Threshold 0.45 → Balanced Acc: 0.8098, Acc: 0.8286, Sensitivity: 0.8696, Specificity: 0.7500, PPV: 0.8696, NPV: 0.7500, F1: 0.8696
Epoch 35/50 - Train Loss: 0.6460, Train Acc: 0.6786, Train AUC: 0.8337 - Val Loss: 0.6449, Val Acc (0.5): 0.6000, Val AUC: 0.8514
  Train Best Threshold 0.45 → Balanced Acc: 0.7729, Acc: 0.8143, Sensitivity: 0.8936, Specificity: 0.6522, PPV: 0.8400, NPV: 0.7500, F1: 0.8660
  Val Best Threshold 0.45 → Balanced Acc: 0.8098, Acc: 0.8286, Sensitivity: 0.8696, Specificity: 0.7500, PPV: 0.8696, NPV: 0.7500, F1: 0.8696
Epoch 36/50 - Train Loss: 0.6514, Train Acc: 0.7071, Train AUC: 0.8064 - Val Loss: 0.6443, Val Acc (0.5): 0.6000, Val AUC: 0.8587
  Train Best Threshold 0.50 → Balanced Acc: 0.7320, Acc: 0.7071, Sensitivity: 0.6596, Specificity: 0.8043, PPV: 0.8732, NPV: 0.5362, F1: 0.7515
  Val Best Threshold 0.45 → Balanced Acc: 0.8098, Acc: 0.8286, Sensitivity: 0.8696, Specificity: 0.7500, PPV: 0.8696, NPV: 0.7500, F1: 0.8696
  → New best validation AUC: 0.8587
Epoch 37/50 - Train Loss: 0.6428, Train Acc: 0.7214, Train AUC: 0.8374 - Val Loss: 0.6438, Val Acc (0.5): 0.6000, Val AUC: 0.8442
  Train Best Threshold 0.50 → Balanced Acc: 0.7537, Acc: 0.7214, Sensitivity: 0.6596, Specificity: 0.8478, PPV: 0.8986, NPV: 0.5493, F1: 0.7607
  Val Best Threshold 0.45 → Balanced Acc: 0.8098, Acc: 0.8286, Sensitivity: 0.8696, Specificity: 0.7500, PPV: 0.8696, NPV: 0.7500, F1: 0.8696
Epoch 38/50 - Train Loss: 0.6405, Train Acc: 0.7571, Train AUC: 0.8319 - Val Loss: 0.6398, Val Acc (0.5): 0.6000, Val AUC: 0.8551
  Train Best Threshold 0.50 → Balanced Acc: 0.7803, Acc: 0.7571, Sensitivity: 0.7128, Specificity: 0.8478, PPV: 0.9054, NPV: 0.5909, F1: 0.7976
  Val Best Threshold 0.45 → Balanced Acc: 0.8098, Acc: 0.8286, Sensitivity: 0.8696, Specificity: 0.7500, PPV: 0.8696, NPV: 0.7500, F1: 0.8696
Epoch 39/50 - Train Loss: 0.6506, Train Acc: 0.7214, Train AUC: 0.8085 - Val Loss: 0.6387, Val Acc (0.5): 0.6000, Val AUC: 0.8478
  Train Best Threshold 0.50 → Balanced Acc: 0.7481, Acc: 0.7214, Sensitivity: 0.6702, Specificity: 0.8261, PPV: 0.8873, NPV: 0.5507, F1: 0.7636
  Val Best Threshold 0.45 → Balanced Acc: 0.8098, Acc: 0.8286, Sensitivity: 0.8696, Specificity: 0.7500, PPV: 0.8696, NPV: 0.7500, F1: 0.8696
Epoch 40/50 - Train Loss: 0.6394, Train Acc: 0.7429, Train AUC: 0.8256 - Val Loss: 0.6382, Val Acc (0.5): 0.6000, Val AUC: 0.8478
  Train Best Threshold 0.50 → Balanced Acc: 0.7697, Acc: 0.7429, Sensitivity: 0.6915, Specificity: 0.8478, PPV: 0.9028, NPV: 0.5735, F1: 0.7831
  Val Best Threshold 0.45 → Balanced Acc: 0.8098, Acc: 0.8286, Sensitivity: 0.8696, Specificity: 0.7500, PPV: 0.8696, NPV: 0.7500, F1: 0.8696
Epoch 41/50 - Train Loss: 0.6420, Train Acc: 0.7143, Train AUC: 0.8159 - Val Loss: 0.6356, Val Acc (0.5): 0.6000, Val AUC: 0.8478
  Train Best Threshold 0.45 → Balanced Acc: 0.7572, Acc: 0.7857, Sensitivity: 0.8404, Specificity: 0.6739, PPV: 0.8404, NPV: 0.6739, F1: 0.8404
  Val Best Threshold 0.45 → Balanced Acc: 0.7880, Acc: 0.8000, Sensitivity: 0.8261, Specificity: 0.7500, PPV: 0.8636, NPV: 0.6923, F1: 0.8444
Epoch 42/50 - Train Loss: 0.6401, Train Acc: 0.7357, Train AUC: 0.8238 - Val Loss: 0.6346, Val Acc (0.5): 0.6286, Val AUC: 0.8370
  Train Best Threshold 0.50 → Balanced Acc: 0.7532, Acc: 0.7357, Sensitivity: 0.7021, Specificity: 0.8043, PPV: 0.8800, NPV: 0.5692, F1: 0.7811
  Val Best Threshold 0.45 → Balanced Acc: 0.8098, Acc: 0.8286, Sensitivity: 0.8696, Specificity: 0.7500, PPV: 0.8696, NPV: 0.7500, F1: 0.8696
Epoch 43/50 - Train Loss: 0.6289, Train Acc: 0.7500, Train AUC: 0.8518 - Val Loss: 0.6349, Val Acc (0.5): 0.6571, Val AUC: 0.8333
  Train Best Threshold 0.50 → Balanced Acc: 0.7805, Acc: 0.7500, Sensitivity: 0.6915, Specificity: 0.8696, PPV: 0.9155, NPV: 0.5797, F1: 0.7879
  Val Best Threshold 0.45 → Balanced Acc: 0.8098, Acc: 0.8286, Sensitivity: 0.8696, Specificity: 0.7500, PPV: 0.8696, NPV: 0.7500, F1: 0.8696
Epoch 44/50 - Train Loss: 0.6325, Train Acc: 0.7214, Train AUC: 0.8409 - Val Loss: 0.6331, Val Acc (0.5): 0.6571, Val AUC: 0.8370
  Train Best Threshold 0.50 → Balanced Acc: 0.7648, Acc: 0.7214, Sensitivity: 0.6383, Specificity: 0.8913, PPV: 0.9231, NPV: 0.5467, F1: 0.7547
  Val Best Threshold 0.45 → Balanced Acc: 0.8098, Acc: 0.8286, Sensitivity: 0.8696, Specificity: 0.7500, PPV: 0.8696, NPV: 0.7500, F1: 0.8696
Epoch 45/50 - Train Loss: 0.6311, Train Acc: 0.7214, Train AUC: 0.8228 - Val Loss: 0.6319, Val Acc (0.5): 0.7429, Val AUC: 0.8370
  Train Best Threshold 0.50 → Balanced Acc: 0.7537, Acc: 0.7214, Sensitivity: 0.6596, Specificity: 0.8478, PPV: 0.8986, NPV: 0.5493, F1: 0.7607
  Val Best Threshold 0.45 → Balanced Acc: 0.8098, Acc: 0.8286, Sensitivity: 0.8696, Specificity: 0.7500, PPV: 0.8696, NPV: 0.7500, F1: 0.8696
Epoch 46/50 - Train Loss: 0.6265, Train Acc: 0.7286, Train AUC: 0.8319 - Val Loss: 0.6296, Val Acc (0.5): 0.7143, Val AUC: 0.8406
  Train Best Threshold 0.50 → Balanced Acc: 0.7535, Acc: 0.7286, Sensitivity: 0.6809, Specificity: 0.8261, PPV: 0.8889, NPV: 0.5588, F1: 0.7711
  Val Best Threshold 0.45 → Balanced Acc: 0.8098, Acc: 0.8286, Sensitivity: 0.8696, Specificity: 0.7500, PPV: 0.8696, NPV: 0.7500, F1: 0.8696
Epoch 47/50 - Train Loss: 0.6283, Train Acc: 0.7429, Train AUC: 0.8272 - Val Loss: 0.6271, Val Acc (0.5): 0.7143, Val AUC: 0.8442
  Train Best Threshold 0.50 → Balanced Acc: 0.7697, Acc: 0.7429, Sensitivity: 0.6915, Specificity: 0.8478, PPV: 0.9028, NPV: 0.5735, F1: 0.7831
  Val Best Threshold 0.45 → Balanced Acc: 0.7880, Acc: 0.8000, Sensitivity: 0.8261, Specificity: 0.7500, PPV: 0.8636, NPV: 0.6923, F1: 0.8444
Epoch 48/50 - Train Loss: 0.6317, Train Acc: 0.7214, Train AUC: 0.8242 - Val Loss: 0.6265, Val Acc (0.5): 0.6857, Val AUC: 0.8442
  Train Best Threshold 0.45 → Balanced Acc: 0.7572, Acc: 0.7857, Sensitivity: 0.8404, Specificity: 0.6739, PPV: 0.8404, NPV: 0.6739, F1: 0.8404
  Val Best Threshold 0.45 → Balanced Acc: 0.7880, Acc: 0.8000, Sensitivity: 0.8261, Specificity: 0.7500, PPV: 0.8636, NPV: 0.6923, F1: 0.8444
Epoch 49/50 - Train Loss: 0.6245, Train Acc: 0.7357, Train AUC: 0.8326 - Val Loss: 0.6240, Val Acc (0.5): 0.6571, Val AUC: 0.8514
  Train Best Threshold 0.50 → Balanced Acc: 0.7532, Acc: 0.7357, Sensitivity: 0.7021, Specificity: 0.8043, PPV: 0.8800, NPV: 0.5692, F1: 0.7811
  Val Best Threshold 0.45 → Balanced Acc: 0.7880, Acc: 0.8000, Sensitivity: 0.8261, Specificity: 0.7500, PPV: 0.8636, NPV: 0.6923, F1: 0.8444
Early stopping at epoch 49
Loaded best model with validation AUC: 0.8587
Final Train Results (Best Model) at epoch 36 - Loss: 0.6445, Accuracy: 0.7214, AUC: 0.8515
Final Val Results (Best Model) at epoch 36 - Loss: 0.6443, Accuracy: 0.6000, AUC: 0.8587
Train Best Threshold: 0.50 | Balanced Acc: 0.7593 | Acc: 0.7214 | Sensitivity: 0.6489 | Specificity: 0.8696 | PPV: 0.9104 | NPV: 0.5479 | F1: 0.7578
Train Confusion Matrix at Best Threshold (rows=actual [0,1], cols=predicted [0,1]):
[[40  6]
 [33 61]]
Val Best Threshold: 0.45 | Balanced Acc: 0.8098 | Acc: 0.8286 | Sensitivity: 0.8696 | Specificity: 0.7500 | PPV: 0.8696 | NPV: 0.7500 | F1: 0.8696
Val Confusion Matrix at Best Threshold (rows=actual [0,1], cols=predicted [0,1]):
[[ 9  3]
 [ 3 20]]

Fold 5 Training Cases (140): ['1', '100', '101', '102', '104', '105', '106', '107', '108', '11', '110', '111', '113', '114', '118', '119', '123', '126', '129', '135', '137', '142', '144', '145', '146', '152', '154', '157', '163', '164', '165', '166', '169', '173', '175', '177', '178', '18', '181', '185', '186', '191', '192', '197', '203', '204', '205', '206', '217', '218', '219', '220', '221', '223', '226', '232', '241', '245', '25', '250', '253', '254', '255', '258', '259', '26', '260', '262', '263', '264', '268', '269', '27', '272', '273', '274', '275', '276', '281', '283', '284', '289', '29', '292', '298', '299', '300', '303', '304', '306', '307', '310', '311', '312', '313', '319', '320', '324', '331', '332', '37', '4', '40', '45', '48', '50', '51', '53', '55', '57', '58', '6', '60', '62', '63', '64', '65', '68', '69', '7', '73', '77', '78', '8', '80', '81', '85', '86', '87', '89', '9', '90', '91', '92', '93', '95', '96', '97', '98', '99']
Fold 5 Validation Cases (35): ['112', '115', '122', '132', '153', '158', '162', '180', '207', '210', '211', '215', '224', '231', '24', '244', '251', '257', '278', '280', '287', '301', '308', '31', '32', '329', '38', '43', '46', '49', '5', '52', '67', '83', '88']
Fold 5 class distribution:
  Train: Class 0=46 (32.9%), Class 1=94 (67.1%)
  Val:   Class 0=12 (34.3%), Class 1=23 (65.7%)

======================================================================
Fold 5/5
======================================================================
Train: 140 patients
Val: 35 patients
Fitting clinical preprocessor on training data...
Built clinical feature dictionaries: train=140, val=35
Clinical input dimension: 5
Backbone feature dimension: 1408
Created mean pooling model with backbone efficientnetv2_b2
Using device: cuda
Class weights: [1.0, 0.4893617033958435]
Weight decay (L2 reg): 0.0001
Label smoothing: 0.1

Epoch 1/50 - Train Loss: 0.7051, Train Acc: 0.3643, Train AUC: 0.4706 - Val Loss: 0.7205, Val Acc (0.5): 0.3714, Val AUC: 0.5217
  Train Best Threshold 0.45 → Balanced Acc: 0.5169, Acc: 0.6643, Sensitivity: 0.9468, Specificity: 0.0870, PPV: 0.6794, NPV: 0.4444, F1: 0.7911
  Val Best Threshold 0.50 → Balanced Acc: 0.5217, Acc: 0.3714, Sensitivity: 0.0435, Specificity: 1.0000, PPV: 1.0000, NPV: 0.3529, F1: 0.0833
  → New best validation AUC: 0.5217
Epoch 2/50 - Train Loss: 0.6995, Train Acc: 0.4429, Train AUC: 0.5682 - Val Loss: 0.7231, Val Acc (0.5): 0.3429, Val AUC: 0.5399
  Train Best Threshold 0.50 → Balanced Acc: 0.5352, Acc: 0.4429, Sensitivity: 0.2660, Specificity: 0.8043, PPV: 0.7353, NPV: 0.3491, F1: 0.3906
  Val Best Threshold 0.05 → Balanced Acc: 0.5000, Acc: 0.6571, Sensitivity: 1.0000, Specificity: 0.0000, PPV: 0.6571, NPV: 0.0000, F1: 0.7931
  → New best validation AUC: 0.5399
Epoch 3/50 - Train Loss: 0.6954, Train Acc: 0.5143, Train AUC: 0.6334 - Val Loss: 0.7170, Val Acc (0.5): 0.3429, Val AUC: 0.6594
  Train Best Threshold 0.50 → Balanced Acc: 0.6105, Acc: 0.5143, Sensitivity: 0.3298, Specificity: 0.8913, PPV: 0.8611, NPV: 0.3942, F1: 0.4769
  Val Best Threshold 0.05 → Balanced Acc: 0.5000, Acc: 0.6571, Sensitivity: 1.0000, Specificity: 0.0000, PPV: 0.6571, NPV: 0.0000, F1: 0.7931
  → New best validation AUC: 0.6594
Epoch 4/50 - Train Loss: 0.6919, Train Acc: 0.5643, Train AUC: 0.6457 - Val Loss: 0.7132, Val Acc (0.5): 0.3429, Val AUC: 0.6341
  Train Best Threshold 0.50 → Balanced Acc: 0.6478, Acc: 0.5643, Sensitivity: 0.4043, Specificity: 0.8913, PPV: 0.8837, NPV: 0.4227, F1: 0.5547
  Val Best Threshold 0.05 → Balanced Acc: 0.5000, Acc: 0.6571, Sensitivity: 1.0000, Specificity: 0.0000, PPV: 0.6571, NPV: 0.0000, F1: 0.7931
Epoch 5/50 - Train Loss: 0.7020, Train Acc: 0.4429, Train AUC: 0.5058 - Val Loss: 0.7111, Val Acc (0.5): 0.3429, Val AUC: 0.6558
  Train Best Threshold 0.45 → Balanced Acc: 0.5116, Acc: 0.6571, Sensitivity: 0.9362, Specificity: 0.0870, PPV: 0.6769, NPV: 0.4000, F1: 0.7857
  Val Best Threshold 0.05 → Balanced Acc: 0.5000, Acc: 0.6571, Sensitivity: 1.0000, Specificity: 0.0000, PPV: 0.6571, NPV: 0.0000, F1: 0.7931
Epoch 6/50 - Train Loss: 0.6971, Train Acc: 0.5286, Train AUC: 0.5870 - Val Loss: 0.7101, Val Acc (0.5): 0.3429, Val AUC: 0.6703
  Train Best Threshold 0.50 → Balanced Acc: 0.5490, Acc: 0.5286, Sensitivity: 0.4894, Specificity: 0.6087, PPV: 0.7188, NPV: 0.3684, F1: 0.5823
  Val Best Threshold 0.05 → Balanced Acc: 0.5000, Acc: 0.6571, Sensitivity: 1.0000, Specificity: 0.0000, PPV: 0.6571, NPV: 0.0000, F1: 0.7931
  → New best validation AUC: 0.6703
Epoch 7/50 - Train Loss: 0.6981, Train Acc: 0.5214, Train AUC: 0.6036 - Val Loss: 0.7079, Val Acc (0.5): 0.3714, Val AUC: 0.6884
  Train Best Threshold 0.50 → Balanced Acc: 0.5604, Acc: 0.5214, Sensitivity: 0.4468, Specificity: 0.6739, PPV: 0.7368, NPV: 0.3735, F1: 0.5563
  Val Best Threshold 0.50 → Balanced Acc: 0.5217, Acc: 0.3714, Sensitivity: 0.0435, Specificity: 1.0000, PPV: 1.0000, NPV: 0.3529, F1: 0.0833
  → New best validation AUC: 0.6884
Epoch 8/50 - Train Loss: 0.6933, Train Acc: 0.5214, Train AUC: 0.6427 - Val Loss: 0.7049, Val Acc (0.5): 0.4286, Val AUC: 0.7138
  Train Best Threshold 0.50 → Balanced Acc: 0.5937, Acc: 0.5214, Sensitivity: 0.3830, Specificity: 0.8043, PPV: 0.8000, NPV: 0.3895, F1: 0.5180
  Val Best Threshold 0.50 → Balanced Acc: 0.5652, Acc: 0.4286, Sensitivity: 0.1304, Specificity: 1.0000, PPV: 1.0000, NPV: 0.3750, F1: 0.2308
  → New best validation AUC: 0.7138
Epoch 9/50 - Train Loss: 0.6898, Train Acc: 0.5929, Train AUC: 0.6795 - Val Loss: 0.7028, Val Acc (0.5): 0.4857, Val AUC: 0.7391
  Train Best Threshold 0.50 → Balanced Acc: 0.6413, Acc: 0.5929, Sensitivity: 0.5000, Specificity: 0.7826, PPV: 0.8246, NPV: 0.4337, F1: 0.6225
  Val Best Threshold 0.50 → Balanced Acc: 0.6087, Acc: 0.4857, Sensitivity: 0.2174, Specificity: 1.0000, PPV: 1.0000, NPV: 0.4000, F1: 0.3571
  → New best validation AUC: 0.7391
Epoch 10/50 - Train Loss: 0.6928, Train Acc: 0.4929, Train AUC: 0.6506 - Val Loss: 0.7013, Val Acc (0.5): 0.5429, Val AUC: 0.7391
  Train Best Threshold 0.50 → Balanced Acc: 0.5557, Acc: 0.4929, Sensitivity: 0.3723, Specificity: 0.7391, PPV: 0.7447, NPV: 0.3656, F1: 0.4965
  Val Best Threshold 0.50 → Balanced Acc: 0.6522, Acc: 0.5429, Sensitivity: 0.3043, Specificity: 1.0000, PPV: 1.0000, NPV: 0.4286, F1: 0.4667
Epoch 11/50 - Train Loss: 0.6841, Train Acc: 0.6000, Train AUC: 0.7380 - Val Loss: 0.6982, Val Acc (0.5): 0.6000, Val AUC: 0.7500
  Train Best Threshold 0.50 → Balanced Acc: 0.6577, Acc: 0.6000, Sensitivity: 0.4894, Specificity: 0.8261, PPV: 0.8519, NPV: 0.4419, F1: 0.6216
  Val Best Threshold 0.50 → Balanced Acc: 0.6757, Acc: 0.6000, Sensitivity: 0.4348, Specificity: 0.9167, PPV: 0.9091, NPV: 0.4583, F1: 0.5882
  → New best validation AUC: 0.7500
Epoch 12/50 - Train Loss: 0.6872, Train Acc: 0.6286, Train AUC: 0.6959 - Val Loss: 0.6963, Val Acc (0.5): 0.6286, Val AUC: 0.7717
  Train Best Threshold 0.50 → Balanced Acc: 0.6790, Acc: 0.6286, Sensitivity: 0.5319, Specificity: 0.8261, PPV: 0.8621, NPV: 0.4634, F1: 0.6579
  Val Best Threshold 0.50 → Balanced Acc: 0.6975, Acc: 0.6286, Sensitivity: 0.4783, Specificity: 0.9167, PPV: 0.9167, NPV: 0.4783, F1: 0.6286
  → New best validation AUC: 0.7717
Epoch 13/50 - Train Loss: 0.6951, Train Acc: 0.5571, Train AUC: 0.6029 - Val Loss: 0.6935, Val Acc (0.5): 0.6286, Val AUC: 0.7826
  Train Best Threshold 0.50 → Balanced Acc: 0.6036, Acc: 0.5571, Sensitivity: 0.4681, Specificity: 0.7391, PPV: 0.7857, NPV: 0.4048, F1: 0.5867
  Val Best Threshold 0.50 → Balanced Acc: 0.6975, Acc: 0.6286, Sensitivity: 0.4783, Specificity: 0.9167, PPV: 0.9167, NPV: 0.4783, F1: 0.6286
  → New best validation AUC: 0.7826
Epoch 14/50 - Train Loss: 0.6869, Train Acc: 0.5857, Train AUC: 0.6859 - Val Loss: 0.6915, Val Acc (0.5): 0.6286, Val AUC: 0.7899
  Train Best Threshold 0.50 → Balanced Acc: 0.6526, Acc: 0.5857, Sensitivity: 0.4574, Specificity: 0.8478, PPV: 0.8600, NPV: 0.4333, F1: 0.5972
  Val Best Threshold 0.50 → Balanced Acc: 0.6975, Acc: 0.6286, Sensitivity: 0.4783, Specificity: 0.9167, PPV: 0.9167, NPV: 0.4783, F1: 0.6286
  → New best validation AUC: 0.7899
Epoch 15/50 - Train Loss: 0.6829, Train Acc: 0.6643, Train AUC: 0.7266 - Val Loss: 0.6897, Val Acc (0.5): 0.6000, Val AUC: 0.7971
  Train Best Threshold 0.50 → Balanced Acc: 0.7000, Acc: 0.6643, Sensitivity: 0.5957, Specificity: 0.8043, PPV: 0.8615, NPV: 0.4933, F1: 0.7044
  Val Best Threshold 0.50 → Balanced Acc: 0.6558, Acc: 0.6000, Sensitivity: 0.4783, Specificity: 0.8333, PPV: 0.8462, NPV: 0.4545, F1: 0.6111
  → New best validation AUC: 0.7971
Epoch 16/50 - Train Loss: 0.6775, Train Acc: 0.6214, Train AUC: 0.7553 - Val Loss: 0.6884, Val Acc (0.5): 0.6286, Val AUC: 0.8116
  Train Best Threshold 0.50 → Balanced Acc: 0.6626, Acc: 0.6214, Sensitivity: 0.5426, Specificity: 0.7826, PPV: 0.8361, NPV: 0.4557, F1: 0.6581
  Val Best Threshold 0.50 → Balanced Acc: 0.6975, Acc: 0.6286, Sensitivity: 0.4783, Specificity: 0.9167, PPV: 0.9167, NPV: 0.4783, F1: 0.6286
  → New best validation AUC: 0.8116
Epoch 17/50 - Train Loss: 0.6770, Train Acc: 0.6714, Train AUC: 0.7632 - Val Loss: 0.6854, Val Acc (0.5): 0.6286, Val AUC: 0.8152
  Train Best Threshold 0.50 → Balanced Acc: 0.7109, Acc: 0.6714, Sensitivity: 0.5957, Specificity: 0.8261, PPV: 0.8750, NPV: 0.5000, F1: 0.7089
  Val Best Threshold 0.50 → Balanced Acc: 0.6775, Acc: 0.6286, Sensitivity: 0.5217, Specificity: 0.8333, PPV: 0.8571, NPV: 0.4762, F1: 0.6486
  → New best validation AUC: 0.8152
Epoch 18/50 - Train Loss: 0.6800, Train Acc: 0.6071, Train AUC: 0.7657 - Val Loss: 0.6840, Val Acc (0.5): 0.6286, Val AUC: 0.8080
  Train Best Threshold 0.50 → Balanced Acc: 0.6630, Acc: 0.6071, Sensitivity: 0.5000, Specificity: 0.8261, PPV: 0.8545, NPV: 0.4471, F1: 0.6309
  Val Best Threshold 0.50 → Balanced Acc: 0.6775, Acc: 0.6286, Sensitivity: 0.5217, Specificity: 0.8333, PPV: 0.8571, NPV: 0.4762, F1: 0.6486
Epoch 19/50 - Train Loss: 0.6834, Train Acc: 0.6143, Train AUC: 0.7068 - Val Loss: 0.6836, Val Acc (0.5): 0.6571, Val AUC: 0.8007
  Train Best Threshold 0.50 → Balanced Acc: 0.6628, Acc: 0.6143, Sensitivity: 0.5213, Specificity: 0.8043, PPV: 0.8448, NPV: 0.4512, F1: 0.6447
  Val Best Threshold 0.50 → Balanced Acc: 0.6993, Acc: 0.6571, Sensitivity: 0.5652, Specificity: 0.8333, PPV: 0.8667, NPV: 0.5000, F1: 0.6842
Epoch 20/50 - Train Loss: 0.6787, Train Acc: 0.6286, Train AUC: 0.7444 - Val Loss: 0.6810, Val Acc (0.5): 0.6857, Val AUC: 0.8043
  Train Best Threshold 0.50 → Balanced Acc: 0.6735, Acc: 0.6286, Sensitivity: 0.5426, Specificity: 0.8043, PPV: 0.8500, NPV: 0.4625, F1: 0.6623
  Val Best Threshold 0.50 → Balanced Acc: 0.7210, Acc: 0.6857, Sensitivity: 0.6087, Specificity: 0.8333, PPV: 0.8750, NPV: 0.5263, F1: 0.7179
Epoch 21/50 - Train Loss: 0.6785, Train Acc: 0.6429, Train AUC: 0.7380 - Val Loss: 0.6789, Val Acc (0.5): 0.6857, Val AUC: 0.7971
  Train Best Threshold 0.50 → Balanced Acc: 0.6841, Acc: 0.6429, Sensitivity: 0.5638, Specificity: 0.8043, PPV: 0.8548, NPV: 0.4744, F1: 0.6795
  Val Best Threshold 0.50 → Balanced Acc: 0.7210, Acc: 0.6857, Sensitivity: 0.6087, Specificity: 0.8333, PPV: 0.8750, NPV: 0.5263, F1: 0.7179
Epoch 22/50 - Train Loss: 0.6667, Train Acc: 0.6857, Train AUC: 0.8208 - Val Loss: 0.6777, Val Acc (0.5): 0.6857, Val AUC: 0.8080
  Train Best Threshold 0.50 → Balanced Acc: 0.7271, Acc: 0.6857, Sensitivity: 0.6064, Specificity: 0.8478, PPV: 0.8906, NPV: 0.5132, F1: 0.7215
  Val Best Threshold 0.50 → Balanced Acc: 0.7210, Acc: 0.6857, Sensitivity: 0.6087, Specificity: 0.8333, PPV: 0.8750, NPV: 0.5263, F1: 0.7179
Epoch 23/50 - Train Loss: 0.6766, Train Acc: 0.6429, Train AUC: 0.7364 - Val Loss: 0.6762, Val Acc (0.5): 0.6857, Val AUC: 0.8043
  Train Best Threshold 0.50 → Balanced Acc: 0.6785, Acc: 0.6429, Sensitivity: 0.5745, Specificity: 0.7826, PPV: 0.8438, NPV: 0.4737, F1: 0.6835
  Val Best Threshold 0.50 → Balanced Acc: 0.7210, Acc: 0.6857, Sensitivity: 0.6087, Specificity: 0.8333, PPV: 0.8750, NPV: 0.5263, F1: 0.7179
Epoch 24/50 - Train Loss: 0.6693, Train Acc: 0.6357, Train AUC: 0.7771 - Val Loss: 0.6735, Val Acc (0.5): 0.7143, Val AUC: 0.8043
  Train Best Threshold 0.50 → Balanced Acc: 0.6899, Acc: 0.6357, Sensitivity: 0.5319, Specificity: 0.8478, PPV: 0.8772, NPV: 0.4699, F1: 0.6623
  Val Best Threshold 0.50 → Balanced Acc: 0.7428, Acc: 0.7143, Sensitivity: 0.6522, Specificity: 0.8333, PPV: 0.8824, NPV: 0.5556, F1: 0.7500
Epoch 25/50 - Train Loss: 0.6629, Train Acc: 0.7143, Train AUC: 0.8094 - Val Loss: 0.6714, Val Acc (0.5): 0.6857, Val AUC: 0.7971
  Train Best Threshold 0.50 → Balanced Acc: 0.7539, Acc: 0.7143, Sensitivity: 0.6383, Specificity: 0.8696, PPV: 0.9091, NPV: 0.5405, F1: 0.7500
  Val Best Threshold 0.50 → Balanced Acc: 0.7011, Acc: 0.6857, Sensitivity: 0.6522, Specificity: 0.7500, PPV: 0.8333, NPV: 0.5294, F1: 0.7317
Epoch 26/50 - Train Loss: 0.6618, Train Acc: 0.6714, Train AUC: 0.7858 - Val Loss: 0.6705, Val Acc (0.5): 0.6857, Val AUC: 0.8007
  Train Best Threshold 0.50 → Balanced Acc: 0.7054, Acc: 0.6714, Sensitivity: 0.6064, Specificity: 0.8043, PPV: 0.8636, NPV: 0.5000, F1: 0.7125
  Val Best Threshold 0.50 → Balanced Acc: 0.7011, Acc: 0.6857, Sensitivity: 0.6522, Specificity: 0.7500, PPV: 0.8333, NPV: 0.5294, F1: 0.7317
Epoch 27/50 - Train Loss: 0.6617, Train Acc: 0.7000, Train AUC: 0.8377 - Val Loss: 0.6667, Val Acc (0.5): 0.6857, Val AUC: 0.7971
  Train Best Threshold 0.50 → Balanced Acc: 0.7377, Acc: 0.7000, Sensitivity: 0.6277, Specificity: 0.8478, PPV: 0.8939, NPV: 0.5270, F1: 0.7375
  Val Best Threshold 0.50 → Balanced Acc: 0.6812, Acc: 0.6857, Sensitivity: 0.6957, Specificity: 0.6667, PPV: 0.8000, NPV: 0.5333, F1: 0.7442
Epoch 28/50 - Train Loss: 0.6610, Train Acc: 0.7071, Train AUC: 0.7930 - Val Loss: 0.6652, Val Acc (0.5): 0.6857, Val AUC: 0.7971
  Train Best Threshold 0.50 → Balanced Acc: 0.7486, Acc: 0.7071, Sensitivity: 0.6277, Specificity: 0.8696, PPV: 0.9077, NPV: 0.5333, F1: 0.7421
  Val Best Threshold 0.50 → Balanced Acc: 0.6812, Acc: 0.6857, Sensitivity: 0.6957, Specificity: 0.6667, PPV: 0.8000, NPV: 0.5333, F1: 0.7442
Epoch 29/50 - Train Loss: 0.6630, Train Acc: 0.7357, Train AUC: 0.7794 - Val Loss: 0.6635, Val Acc (0.5): 0.6857, Val AUC: 0.7971
  Train Best Threshold 0.50 → Balanced Acc: 0.7532, Acc: 0.7357, Sensitivity: 0.7021, Specificity: 0.8043, PPV: 0.8800, NPV: 0.5692, F1: 0.7811
  Val Best Threshold 0.50 → Balanced Acc: 0.6812, Acc: 0.6857, Sensitivity: 0.6957, Specificity: 0.6667, PPV: 0.8000, NPV: 0.5333, F1: 0.7442
Epoch 30/50 - Train Loss: 0.6613, Train Acc: 0.6714, Train AUC: 0.7949 - Val Loss: 0.6610, Val Acc (0.5): 0.7429, Val AUC: 0.8007
  Train Best Threshold 0.50 → Balanced Acc: 0.7165, Acc: 0.6714, Sensitivity: 0.5851, Specificity: 0.8478, PPV: 0.8871, NPV: 0.5000, F1: 0.7051
  Val Best Threshold 0.50 → Balanced Acc: 0.7246, Acc: 0.7429, Sensitivity: 0.7826, Specificity: 0.6667, PPV: 0.8182, NPV: 0.6154, F1: 0.8000
Early stopping at epoch 30
Loaded best model with validation AUC: 0.8152
Final Train Results (Best Model) at epoch 17 - Loss: 0.6768, Accuracy: 0.6929, AUC: 0.7831
Final Val Results (Best Model) at epoch 17 - Loss: 0.6854, Accuracy: 0.6286, AUC: 0.8152
Train Best Threshold: 0.50 | Balanced Acc: 0.7435 | Acc: 0.6929 | Sensitivity: 0.5957 | Specificity: 0.8913 | PPV: 0.9180 | NPV: 0.5190 | F1: 0.7226
Train Confusion Matrix at Best Threshold (rows=actual [0,1], cols=predicted [0,1]):
[[41  5]
 [38 56]]
Val Best Threshold: 0.50 | Balanced Acc: 0.6775 | Acc: 0.6286 | Sensitivity: 0.5217 | Specificity: 0.8333 | PPV: 0.8571 | NPV: 0.4762 | F1: 0.6486
Val Confusion Matrix at Best Threshold (rows=actual [0,1], cols=predicted [0,1]):
[[10  2]
 [11 12]]

======================================================================
Cross-Validation Results - C1 (Mean Pooling)
======================================================================
Model: C1 (Mean Pooling)
Backbone: efficientnetv2_b2
Pooling: mean
Val AUCs: ['0.7462', '0.7500', '0.8841', '0.8587', '0.8152']
Mean Val AUC: 0.8108 ± 0.0558
======================================================================
